Timestamp,HeartRate,BloodOxygen,Accelerometer,Gyroscope,SleepDepth
2025-11-27 02:49:36.639276,88,97,0.567115064572693,0.06658045037364038,0.1
2025-11-27 02:54:36.639276,59,97,0.0358384726641809,0.05273388969584738,0.9483468121679872
2025-11-27 02:59:36.639276,54,95,0.03393925208711994,0.0037112951092858745,1.0
2025-11-27 03:04:36.639276,57,96,0.03184351673885959,0.043657149475336866,1.0
2025-11-27 03:09:36.639276,62,97,0.038307298210400596,0.05915003558215111,1.0
2025-11-27 03:14:36.639276,57,97,0.0416047903177611,0.057176493911390486,0.4843122543178098
2025-11-27 03:19:36.639276,58,98,0.04824660516911889,0.055557938051783,0.283841697801135
2025-11-27 03:24:36.639276,58,97,0.05451227830449843,0.024629029362798524,0.9286739822500686
2025-11-27 03:29:36.639276,60,96,0.035636856843508355,0.06663097348232197,0.5981015790518448
2025-11-27 03:34:36.639276,64,94,0.06565546763992834,0.03370880321422365,0.5204318028245118
2025-11-27 03:39:36.639276,76,96,0.5274372040792483,0.041897434060880374,0.1
2025-11-27 03:44:36.639276,58,96,0.06434702170369373,0.05725252733748232,0.48036072087830856
2025-11-27 03:49:36.639276,50,96,0.09696462260613638,0.019422065457774945,0.5850618202710192
2025-11-27 03:54:36.639276,60,96,0.01954010440981289,0.04596034525231179,1.0
2025-11-27 03:59:36.639276,60,99,0.05316948857356037,0.027015712877411825,0.6134155992516004
2025-11-27 04:04:36.639276,60,96,0.05445588287130546,0.0741394949752988,0.7013968664937674
2025-11-27 04:09:36.639276,54,97,0.06600898433872412,0.02346243396048844,0.9517863192856406
2025-11-27 04:14:36.639276,57,97,0.057400599267677356,0.04700738165028957,0.9268129807452419
2025-11-27 04:19:36.639276,54,97,0.043654710995037885,0.058482877820891836,0.32076194652141016
2025-11-27 04:24:36.639276,61,96,0.015650402326509216,0.08330820412790524,1.0
2025-11-27 04:29:36.639276,63,97,0.014602890856554123,0.05714681450256062,0.44380035703972576
2025-11-27 04:34:36.639276,63,97,0.04374449693382829,0.02748238462567157,0.5820333274859901
2025-11-27 04:39:36.639276,64,96,0.05547648721185598,0.05880030196398233,1.0
2025-11-27 04:44:36.639276,54,96,0.03430657933879912,0.03975807912006732,0.9310294436353914
2025-11-27 04:49:36.639276,62,96,0.07089109578436537,0.0016160958786630548,0.6932820855593621
2025-11-27 04:54:36.639276,60,97,0.028609200043432304,0.04117291083978242,0.5407563737638885
2025-11-27 04:59:36.639276,60,96,0.0513037562252241,0.0666588426251395,0.8270217835282687
2025-11-27 05:04:36.639276,59,97,0.02166719212829255,0.03165582695069998,1.0
2025-11-27 05:09:36.639276,59,97,0.059272177694891945,0.04883378275701254,0.9281857983954014
2025-11-27 05:14:36.639276,69,97,0.0750733799070598,0.038240981849987705,1.0
2025-11-27 05:19:36.639276,63,98,0.047082921457411976,0.05796428060929071,0.92076876128426
2025-11-27 05:24:36.639276,56,96,0.04070965067091957,0.03259816657119167,0.6758078300293722
2025-11-27 05:29:36.639276,55,97,0.040990433048569114,0.05435182767319096,0.6522750393543365
2025-11-27 05:34:36.639276,61,97,0.031173026393059727,0.07525984570842048,0.8703705451602579
2025-11-27 05:39:36.639276,59,95,0.04307422748648078,0.04038683072064104,0.902228541191625
2025-11-27 05:44:36.639276,58,96,0.04023245707314356,0.04922747050642122,0.9478846491518441
2025-11-27 05:49:36.639276,61,98,0.056201614551364056,0.019694571814666283,0.930752401284243
2025-11-27 05:54:36.639276,53,97,0.07479327359573566,0.03582344788717689,0.6364801542914901
2025-11-27 05:59:36.639276,64,97,0.06590009358310918,0.04117634405661256,1.0
2025-11-27 06:04:36.639276,61,98,0.019898702204696243,0.046035441171213116,0.880647320546683
2025-11-27 06:09:36.639276,55,97,0.05383504650120115,0.03514287822156712,0.5696287970256497
2025-11-27 06:14:36.639276,59,97,0.041466845319389385,0.008835749927270637,0.8327096208714329
2025-11-27 06:19:36.639276,62,96,0.06473935708671132,0.03753537910099615,0.7665930314617225
2025-11-27 06:24:36.639276,57,98,0.05852744174214033,0.07325422241609846,1.0
2025-11-27 06:29:36.639276,58,98,0.05628999940937385,0.025303074566401233,0.5982510850503483
2025-11-27 06:34:36.639276,67,95,0.04067695036808775,0.0705223082975773,0.9003130444235162
2025-11-27 06:39:36.639276,59,95,0.03249203184861401,0.024053602079996014,0.8371805358902428
2025-11-27 06:44:36.639276,57,97,0.06447689497077505,0.03818294327711463,0.6325125728041551
2025-11-27 06:49:36.639276,65,98,0.06596072586328716,0.02568802693066356,0.8635390848499896
2025-11-27 06:54:36.639276,61,93,0.05374955496680602,0.03387374349357129,0.8774662852308963
2025-11-27 06:59:36.639276,63,96,0.0557967057360205,0.027838855584316778,0.7630262917854701
2025-11-27 07:04:36.639276,83,97,0.5437050325717685,0.22750172323179696,0.0
2025-11-27 07:09:36.639276,92,100,0.5492072554394013,0.43136889770322107,0.0
2025-11-27 07:14:36.639276,95,98,0.7572436827764495,0.48808999171630396,0.0
2025-11-27 07:19:36.639276,140,85,0.0,0.5944967604930969,0.0
2025-11-27 07:24:36.639276,77,98,0.711169741946439,0.5846056495644801,0.0
2025-11-27 07:29:36.639276,71,99,0.39680553859180273,0.6542035235655609,0.0
2025-11-27 07:34:36.639276,76,97,0.5206394805612153,0.44718413461205236,0.0
2025-11-27 07:39:36.639276,71,97,0.34534615939138563,0.6428931843645908,0.0
2025-11-27 07:44:36.639276,76,98,0.5376037313227703,0.506011585726328,0.0
2025-11-27 07:49:36.639276,104,97,0.5126771198368464,0.41861030579467495,0.0
2025-11-27 07:54:36.639276,84,97,0.3309611503670891,0.6411362430483887,0.0
2025-11-27 07:59:36.639276,93,97,0.09934347047648477,0.5020564532145196,0.0
2025-11-27 08:04:36.639276,95,98,0.3749175813580742,0.27443158860352856,0.0
2025-11-27 08:09:36.639276,67,97,0.9222761727699623,0.6382489780601454,0.0
2025-11-27 08:14:36.639276,68,97,0.32790508322869183,-0.034504982841613456,0.0
2025-11-27 08:19:36.639276,89,97,0.7944067189407725,0.6252417772737168,0.0
2025-11-27 08:24:36.639276,103,97,0.370902443860128,0.3921373460136682,0.0
2025-11-27 08:29:36.639276,96,95,0.7517939166495301,0.6905432625645704,0.0
2025-11-27 08:34:36.639276,87,98,0.4655260127954179,0.5281957797312875,0.0
2025-11-27 08:39:36.639276,68,99,0.7412643122499906,0.2825361585205813,0.0
2025-11-27 08:44:36.639276,74,98,0.30732803063224606,0.9194726745398022,0.0
2025-11-27 08:49:36.639276,85,96,0.41536124840963834,-0.0879828716784996,0.0
2025-11-27 08:54:36.639276,97,98,0.7535186257445179,0.6772035641551337,0.0
2025-11-27 08:59:36.639276,79,97,0.4766700114416475,0.4662613768498777,0.0
2025-11-27 09:04:36.639276,83,96,0.2958301364137646,0.31244598507319743,0.0
2025-11-27 09:09:36.639276,64,96,0.20664937461381017,0.625262347376774,0.0
2025-11-27 09:14:36.639276,81,96,0.2852595615748622,0.2923227797217219,0.0
2025-11-27 09:19:36.639276,86,97,0.49522171343794946,0.5036008292842374,0.0
2025-11-27 09:24:36.639276,89,97,0.052306293661602304,0.5176966717791964,0.0
2025-11-27 09:29:36.639276,90,100,0.44778737287423936,0.25334633690220004,0.0
2025-11-27 09:34:36.639276,89,96,0.780818779834641,0.47100313111176395,0.0
2025-11-27 09:39:36.639276,88,97,0.39778085247059064,0.521205130588895,0.0
2025-11-27 09:44:36.639276,85,98,0.8756249809803577,0.18417022837720684,0.0
2025-11-27 09:49:36.639276,65,97,0.9000414164811188,0.37268609600127556,0.0
2025-11-27 09:54:36.639276,73,98,0.4103467768985569,0.2967191513572473,0.0
2025-11-27 09:59:36.639276,86,99,0.503675371487368,0.5758253338328463,0.0
2025-11-27 10:04:36.639276,82,98,0.5752959064657418,0.6994557046891529,0.0
2025-11-27 10:09:36.639276,81,97,0.5785005395741678,0.5363792535436118,0.0
2025-11-27 10:14:36.639276,91,98,0.3756574969442337,0.6052010224081176,0.0
2025-11-27 10:19:36.639276,76,94,0.1882469487711433,0.7136487144619278,0.0
2025-11-27 10:24:36.639276,81,99,0.5275625569224811,0.45383061384839607,0.0
2025-11-27 10:29:36.639276,88,97,0.5976826539159393,0.42902238931986936,0.0
2025-11-27 10:34:36.639276,85,98,0.43221569282792155,0.4650572493191258,0.0
2025-11-27 10:39:36.639276,102,98,0.22220744207385826,0.46827559006180386,0.0
2025-11-27 10:44:36.639276,75,97,0.9249883116605039,0.3184049721744578,0.0
2025-11-27 10:49:36.639276,90,97,0.5867108748626362,0.5750149112812889,0.0
2025-11-27 10:54:36.639276,84,97,0.8392762827989197,0.5488222988500325,0.0
2025-11-27 10:59:36.639276,81,98,0.5833239137572752,0.5898169103301397,0.0
2025-11-27 11:04:36.639276,75,98,0.37742744093656816,0.5662260944168496,0.0
2025-11-27 11:09:36.639276,75,97,0.763521050194831,0.42704230086147316,0.0
2025-11-27 11:14:36.639276,93,98,0.36756998717150624,0.2593204346070266,0.0
2025-11-27 11:19:36.639276,68,98,0.7651860346004099,0.5441270186881759,0.0
2025-11-27 11:24:36.639276,88,97,0.7731997549115515,0.5477669682255646,0.0
2025-11-27 11:29:36.639276,90,99,0.6002467837283152,0.3555634389778715,0.0
2025-11-27 11:34:36.639276,99,97,0.7737981203782344,0.6180409911713577,0.0
2025-11-27 11:39:36.639276,89,97,0.33864826572535134,0.5437192122727508,0.0
2025-11-27 11:44:36.639276,74,96,0.4701878855036926,0.49117024990511665,0.0
2025-11-27 11:49:36.639276,74,96,0.4269987572900152,0.4698450271497046,0.0
2025-11-27 11:54:36.639276,88,98,0.4349571977211615,0.3612845733833426,0.0
2025-11-27 11:59:36.639276,91,97,0.09387924741039269,0.6789594917002425,0.0
2025-11-27 12:04:36.639276,72,98,0.6037953572638765,0.4777988638687628,0.0
2025-11-27 12:09:36.639276,69,98,0.41045095944370996,0.31758869631425324,0.0
2025-11-27 12:14:36.639276,72,96,0.4291361954719178,0.15133267935547587,0.0
2025-11-27 12:19:36.639276,91,97,0.5873505335258886,0.21539794408323967,0.0
2025-11-27 12:24:36.639276,84,97,0.4345527416083765,0.5506546799245021,0.0
2025-11-27 12:29:36.639276,87,98,0.5705671741977772,0.7882221330991163,0.0
2025-11-27 12:34:36.639276,75,97,0.5430225985280226,0.5832883665548467,0.0
2025-11-27 12:39:36.639276,85,98,0.7813148037324158,0.5973348760289734,0.0
2025-11-27 12:44:36.639276,69,96,0.046836359686397495,0.7016815183502302,0.0
2025-11-27 12:49:36.639276,64,99,0.45957963395241913,0.2985417807150415,0.0
2025-11-27 12:54:36.639276,75,99,0.2629064850370541,0.7130921186969276,0.0
2025-11-27 12:59:36.639276,70,98,0.5518415964796936,0.055652977368917944,0.0
2025-11-27 13:04:36.639276,84,98,0.8315995173426192,0.09522827971551118,0.0
2025-11-27 13:09:36.639276,96,97,0.049470034208309754,0.6814995544994457,0.0
2025-11-27 13:14:36.639276,82,98,0.5034110062205239,0.40636727908412446,0.0
2025-11-27 13:19:36.639276,98,98,0.25121767589646304,0.7035706593779452,0.0
2025-11-27 13:24:36.639276,89,97,0.9577184437161347,0.4940604140739132,0.0
2025-11-27 13:29:36.639276,89,96,0.3222052261110658,0.3284974185441635,0.0
2025-11-27 13:34:36.639276,74,96,0.2837149972245599,0.22221842318057192,0.0
2025-11-27 13:39:36.639276,78,97,0.4621563948786002,0.6882378243554317,0.0
2025-11-27 13:44:36.639276,83,97,0.43971940241683466,0.3748103665161219,0.0
2025-11-27 13:49:36.639276,64,98,0.6341259373279555,0.3357131002637063,0.0
2025-11-27 13:54:36.639276,81,99,0.6626781646807376,0.37410995742860703,0.0
2025-11-27 13:59:36.639276,83,97,0.4848574373935931,0.6134620209139396,0.0
2025-11-27 14:04:36.639276,89,98,0.6087657759758336,0.5953871919992926,0.0
2025-11-27 14:09:36.639276,81,97,0.4945988904735353,0.6583993628586428,0.0
2025-11-27 14:14:36.639276,77,98,0.29484526993753263,0.6043038009124886,0.0
2025-11-27 14:19:36.639276,78,97,0.6685982054911374,0.44919449521426397,0.0
2025-11-27 14:24:36.639276,89,97,0.37994925218922526,0.20638600368991952,0.0
2025-11-27 14:29:36.639276,78,98,0.3546403764948318,0.4244208976351716,0.0
2025-11-27 14:34:36.639276,86,98,0.5896318809568054,0.324471132537991,0.0
2025-11-27 14:39:36.639276,100,99,0.12234410526195967,0.29801074292986873,0.0
2025-11-27 14:44:36.639276,83,97,0.39088039511402656,0.5241485720964576,0.0
2025-11-27 14:49:36.639276,53,99,0.5742984395560314,0.49911155380426536,0.0
2025-11-27 14:54:36.639276,66,99,0.40521746363914574,0.7821697265937203,0.0
2025-11-27 14:59:36.639276,84,95,0.7578353730240974,0.47157562750067566,0.0
2025-11-27 15:04:36.639276,64,95,0.3979648089737266,0.585221491212203,0.0
2025-11-27 15:09:36.639276,88,96,0.3506074927671531,0.5240507455415025,0.0
2025-11-27 15:14:36.639276,87,98,0.7623376910196881,0.542795583140402,0.0
2025-11-27 15:19:36.639276,64,99,0.40840331961714116,0.5322542052264676,0.0
2025-11-27 15:24:36.639276,92,97,0.11598724816108305,0.4679130045819782,0.0
2025-11-27 15:29:36.639276,78,98,0.6123163095320656,0.5844874277361348,0.0
2025-11-27 15:34:36.639276,69,98,0.720162750295112,0.6024981509593949,0.0
2025-11-27 15:39:36.639276,75,98,0.3433948530270375,0.6743425598390884,0.0
2025-11-27 15:44:36.639276,78,97,0.2613707803402948,0.3730005196045587,0.0
2025-11-27 15:49:36.639276,63,98,0.6338953472407975,0.2652865332289273,0.0
2025-11-27 15:54:36.639276,79,96,0.6438399295757627,0.5234332077783068,0.0
2025-11-27 15:59:36.639276,85,97,0.21571077632304714,0.503930350254184,0.0
2025-11-27 16:04:36.639276,64,98,0.40990063748537287,0.31985384071157963,0.0
2025-11-27 16:09:36.639276,88,97,0.6799305516854277,0.42804973035300814,0.0
2025-11-27 16:14:36.639276,75,98,0.7679887902465464,0.6876186724167974,0.0
2025-11-27 16:19:36.639276,84,97,0.15630782780553473,0.6533797721400533,0.0
2025-11-27 16:24:36.639276,78,96,0.54948063910144,0.6641821228579498,0.0
2025-11-27 16:29:36.639276,87,100,0.6727519696018439,0.007855811482539261,0.0
2025-11-27 16:34:36.639276,86,97,0.6302935631415554,0.4467477445500625,0.0
2025-11-27 16:39:36.639276,81,97,0.07288836648129678,0.7752966780742201,0.0
2025-11-27 16:44:36.639276,92,98,0.767469771289808,0.43684148965413155,0.0
2025-11-27 16:49:36.639276,73,96,0.410068831678709,0.293489221818516,0.0
2025-11-27 16:54:36.639276,61,98,0.7316624760103222,0.4953859243266444,0.0
2025-11-27 16:59:36.639276,105,97,0.38921049008882835,0.3196770865810828,0.0
2025-11-27 17:04:36.639276,80,97,0.5470604012655698,0.42845868750310395,0.0
2025-11-27 17:09:36.639276,61,98,0.4693738756937819,0.4700601058298433,0.0
2025-11-27 17:14:36.639276,83,98,0.3965044283114956,0.4860715060853384,0.0
2025-11-27 17:19:36.639276,84,97,0.5624008454760955,0.6962208746257639,0.0
2025-11-27 17:24:36.639276,76,98,0.6880034577487891,0.549484267851632,0.0
2025-11-27 17:29:36.639276,108,98,0.6933631679179169,0.36287335847323793,0.0
2025-11-27 17:34:36.639276,86,99,0.33764884822869184,0.6582324113276316,0.0
2025-11-27 17:39:36.639276,74,96,0.5981644770758898,0.6482986254379738,0.0
2025-11-27 17:44:36.639276,86,98,0.27411886678419245,0.4531126231559375,0.0
2025-11-27 17:49:36.639276,85,98,0.631590389965545,0.322443163251489,0.0
2025-11-27 17:54:36.639276,68,95,0.422691101570234,0.4901405231943262,0.0
2025-11-27 17:59:36.639276,90,98,0.5687447779923083,0.5719286148625994,0.0
2025-11-27 18:04:36.639276,70,98,0.49700790627844893,0.8358884899365228,0.0
2025-11-27 18:09:36.639276,81,98,0.3938808046377255,0.2767444692459421,0.0
2025-11-27 18:14:36.639276,78,98,0.8288117886925984,0.8901900931988079,0.0
2025-11-27 18:19:36.639276,73,97,0.4752292577350447,0.47250990541909815,0.0
2025-11-27 18:24:36.639276,79,97,0.3089184986681724,0.6825656499341144,0.0
2025-11-27 18:29:36.639276,61,96,0.3673443800175729,0.4382620082448295,0.0
2025-11-27 18:34:36.639276,90,97,0.4164237993601592,0.30135012324074445,0.0
2025-11-27 18:39:36.639276,72,97,0.7020724800311687,0.16927442990500466,0.0
2025-11-27 18:44:36.639276,71,98,0.3330460713365812,0.26530753233580284,0.0
2025-11-27 18:49:36.639276,96,97,0.7472469662935805,0.4428979606238842,0.0
2025-11-27 18:54:36.639276,78,97,0.7372485044727072,0.35792651707631323,0.0
2025-11-27 18:59:36.639276,84,96,0.7718581882169245,0.25187580595219355,0.0
2025-11-27 19:04:36.639276,76,98,0.5399263979160641,0.6747134513343158,0.0
2025-11-27 19:09:36.639276,61,99,0.5308281214139842,0.45612266864736806,0.0
2025-11-27 19:14:36.639276,83,96,0.4166414596002599,0.7139394674203267,0.0
2025-11-27 19:19:36.639276,78,98,0.4767423443563194,0.5200129637772745,0.0
2025-11-27 19:24:36.639276,62,96,0.5936009954168968,0.16237557311352452,0.0
2025-11-27 19:29:36.639276,79,96,0.40592218423867776,0.44289269318144814,0.0
2025-11-27 19:34:36.639276,91,97,0.4185679882698724,0.5834684427264781,0.0
2025-11-27 19:39:36.639276,103,98,0.39035464847550216,0.4024560155895297,0.0
2025-11-27 19:44:36.639276,67,97,0.45704026174687623,0.6803320922146433,0.0
2025-11-27 19:49:36.639276,85,97,0.7592814843790646,0.7711841423996664,0.0
2025-11-27 19:54:36.639276,72,96,0.30679273489780445,0.5206463232057302,0.0
2025-11-27 19:59:36.639276,96,97,0.6664850773899903,0.3178735137477925,0.0
2025-11-27 20:04:36.639276,85,97,0.4114254416159541,0.5816431800950412,0.0
2025-11-27 20:09:36.639276,73,98,0.28214299341511057,0.169828591207431,0.0
2025-11-27 20:14:36.639276,82,97,0.5846573708951873,0.5672560166181521,0.0
2025-11-27 20:19:36.639276,86,98,0.31816949526603966,0.5409984969231543,0.0
2025-11-27 20:24:36.639276,66,99,0.3432604172174857,0.6962087511262303,0.0
2025-11-27 20:29:36.639276,75,96,0.2596171571114366,0.39826820821789566,0.0
2025-11-27 20:34:36.639276,68,98,0.5639706222575941,0.5040149356378175,0.0
2025-11-27 20:39:36.639276,78,97,0.2653313393487503,0.7679703870617843,0.0
2025-11-27 20:44:36.639276,53,97,0.7938386752766027,0.32471811568885633,0.0
2025-11-27 20:49:36.639276,78,97,0.4131409031628161,0.38510247005830994,0.0
2025-11-27 20:54:36.639276,65,98,0.691610956752296,0.8068557800037791,0.0
2025-11-27 20:59:36.639276,88,96,0.4237712086346374,0.50074093014727,0.0
2025-11-27 21:04:36.639276,89,99,0.2971694165921889,0.09476999878369943,0.0
2025-11-27 21:09:36.639276,78,98,0.1682252730463839,0.30956452351146624,0.0
2025-11-27 21:14:36.639276,73,98,0.45789278125533023,0.8185383916573704,0.0
2025-11-27 21:19:36.639276,71,97,0.7380619515268786,0.3726452422773138,0.0
2025-11-27 21:24:36.639276,74,98,0.394350156112251,0.6051960500793435,0.0
2025-11-27 21:29:36.639276,66,97,0.5039114159898752,0.5223634418647225,0.0
2025-11-27 21:34:36.639276,84,98,0.4476415585727142,0.07680982159583365,0.0
2025-11-27 21:39:36.639276,90,95,0.3551015521030631,0.1280350991312999,0.0
2025-11-27 21:44:36.639276,94,97,0.2986548863541025,0.5867445050619484,0.0
2025-11-27 21:49:36.639276,80,97,0.44557410401891784,0.25326824242486695,0.0
2025-11-27 21:54:36.639276,89,98,0.28084652090226203,0.3803858630583655,0.0
2025-11-27 21:59:36.639276,75,97,0.30563327002995216,0.5417377405827796,0.0
2025-11-27 22:04:36.639276,86,97,0.8116926099775277,0.6131313287618296,0.0
2025-11-27 22:09:36.639276,81,97,0.062382008066343864,0.4195925939415681,0.0
2025-11-27 22:14:36.639276,83,97,0.13069240199426416,0.29110344323033766,0.0
2025-11-27 22:19:36.639276,72,95,0.5091312042343116,0.5026500498076107,0.0
2025-11-27 22:24:36.639276,76,99,0.3557392797452874,0.661543606935887,0.0
2025-11-27 22:29:36.639276,78,96,0.5305615349693071,0.5208882493967006,0.0
2025-11-27 22:34:36.639276,77,96,0.3593832487329029,0.5100342072121345,0.0
2025-11-27 22:39:36.639276,84,97,0.49397870078336253,0.8398803165902774,0.0
2025-11-27 22:44:36.639276,83,96,0.4174091260091317,0.8337150510137091,0.0
2025-11-27 22:49:36.639276,78,98,0.46310694493963234,0.36750689202191394,0.0
2025-11-27 22:54:36.639276,79,97,0.3846083310172919,0.37210056651769924,0.0
2025-11-27 22:59:36.639276,95,98,0.6181942146080718,0.24517242290392446,0.0
2025-11-27 23:04:36.639276,64,97,0.05799030922481874,0.03648621218040067,0.6031759062945796
2025-11-27 23:09:36.639276,62,97,0.0670159429875169,0.03160627953658577,0.5910431923398037
2025-11-27 23:14:36.639276,59,95,0.06206418253910482,0.08552435416273454,0.4506829117955789
2025-11-27 23:19:36.639276,55,97,0.07359612880426934,0.030575395227102148,0.6832304759296868
2025-11-27 23:24:36.639276,57,96,0.01771358297703549,0.05970279606171637,0.8965299849837866
2025-11-27 23:29:36.639276,62,96,0.046317722463238266,0.07136693067054313,0.6989560697163003
2025-11-27 23:34:36.639276,64,96,0.06505204535202576,0.024971958982473893,0.8424021704700057
2025-11-27 23:39:36.639276,54,97,0.029064408757606786,0.03677334469582531,0.9030882547974742
2025-11-27 23:44:36.639276,55,96,0.04257576231172368,0.031094515716207506,0.8328280747599877
2025-11-27 23:49:36.639276,64,98,0.055912225909367605,0.0799938590135024,0.5234323152705523
2025-11-27 23:54:36.639276,65,98,0.0031420673488994594,0.03555422120446658,0.9873447328294871
2025-11-27 23:59:36.639276,62,95,0.07852586063958289,0.04919323742848463,0.7147452096812886
2025-11-28 00:04:36.639276,52,96,0.08036289658366423,0.08040764482975273,1.0
2025-11-28 00:09:36.639276,59,96,0.0382508274779982,0.029320603907450404,0.8972494094664775
2025-11-28 00:14:36.639276,62,97,0.028259989180254998,0.08098066691078283,0.9676899310432314
2025-11-28 00:19:36.639276,55,96,0.03910795037247207,0.03894840482194885,0.8266546577295434
2025-11-28 00:24:36.639276,50,96,0.030735675739206623,0.04284054336737447,0.8786910906804818
2025-11-28 00:29:36.639276,56,96,0.04993484599925983,0.03522431993518112,0.7893212454728532
2025-11-28 00:34:36.639276,61,95,0.036431791300859155,0.06756052774993385,0.6521801655217729
2025-11-28 00:39:36.639276,59,96,0.09815472812585721,0.049277072070232214,1.0
2025-11-28 00:44:36.639276,52,96,0.08628074766660372,0.027829787479464786,0.5700188064125219
2025-11-28 00:49:36.639276,61,95,0.06675306078403972,0.03685994032704354,0.34109543623949323
2025-11-28 00:54:36.639276,60,95,0.06403497490327112,0.04256993871138267,0.7146627874525184
2025-11-28 00:59:36.639276,62,96,0.05539908617746381,0.03497861639450223,0.7694965316684876
2025-11-28 01:04:36.639276,63,97,0.06101012116938914,0.06113701483404458,0.9202834020562042
2025-11-28 01:09:36.639276,65,96,0.0487145287168275,0.056227283466425894,0.9615804149154639
2025-11-28 01:14:36.639276,57,95,0.07014001614187723,0.05996090227419319,0.850444020633882
2025-11-28 01:19:36.639276,57,98,0.06028783501412729,0.06173805409933752,0.9226414121496299
2025-11-28 01:24:36.639276,59,95,0.06310222892936909,0.0411219046557734,0.820256197713674
2025-11-28 01:29:36.639276,81,96,0.5603853061342492,0.04104147382759881,0.1
2025-11-28 01:34:36.639276,64,97,0.06212087942502327,0.04674630062217215,0.9101785849021
2025-11-28 01:39:36.639276,63,96,0.07419966131310152,0.02579900715534282,0.5427557430737932
2025-11-28 01:44:36.639276,52,97,0.03692688409770265,0.02533230361167295,0.8323022257103369
2025-11-28 01:49:36.639276,65,97,0.051163113523660764,0.03356165276392796,0.5838532259391346
2025-11-28 01:54:36.639276,64,97,0.041280913884829316,0.03993961908046271,0.7586678763127984
2025-11-28 01:59:36.639276,67,96,0.03193625951843871,0.05495653411608231,0.7684045124252509
2025-11-28 02:04:36.639276,62,96,0.043548222043803125,0.044623192186043,0.7888395927925205
2025-11-28 02:09:36.639276,57,96,0.043988527064121194,0.05380226786606907,0.4939875029950851
2025-11-28 02:14:36.639276,56,95,0.07383286311267759,0.04052647010287361,1.0
2025-11-28 02:19:36.639276,61,98,0.0646101652201531,0.024306167713308246,0.9787736775243846
2025-11-28 02:24:36.639276,63,96,0.04161576204818794,0.044242166365904084,0.7448775428954425
2025-11-28 02:29:36.639276,54,97,0.08200846304556471,0.05175890516025153,0.9781590974341752
2025-11-28 02:34:36.639276,62,99,0.09022677008337696,0.027621990876599802,0.4650077362040078
2025-11-28 02:39:36.639276,63,97,0.054879993142794826,0.04752306280316628,0.8654866209836897
2025-11-28 02:44:36.639276,53,96,0.06793432661397414,0.062447594895623966,0.8401529394123474
2025-11-28 02:49:36.639276,50,97,0.08174635204006472,0.06495628398404205,0.442183295518158
2025-11-28 02:54:36.639276,65,97,0.06617083696884689,0.048339698835079555,0.7917146514233186
2025-11-28 02:59:36.639276,68,96,0.06359627093460846,0.0695041155971321,0.6437323642267427
2025-11-28 03:04:36.639276,65,98,0.06158332151585448,0.025827755443609435,0.6596708550535009
2025-11-28 03:09:36.639276,70,96,0.057722641114304495,0.08425416796797298,1.0
2025-11-28 03:14:36.639276,89,97,0.5192469435881044,0.058087355214971194,0.1
2025-11-28 03:19:36.639276,59,98,0.033990307446998304,0.08143506325793369,1.0
2025-11-28 03:24:36.639276,60,96,0.031594517687586456,0.11107540971875024,0.9184879805565489
2025-11-28 03:29:36.639276,63,96,0.0646451405075338,0.02730977913402771,0.7769259655147591
2025-11-28 03:34:36.639276,64,97,0.06039898405685108,0.0828130495568633,0.8233528291876062
2025-11-28 03:39:36.639276,54,96,0.08335670427770282,0.007059924864062499,0.756068254827249
2025-11-28 03:44:36.639276,59,97,0.041635557971201165,0.06863761488536745,0.4104897498143647
2025-11-28 03:49:36.639276,57,96,0.07682209349401074,0.08093624813028459,0.9264878863976046
2025-11-28 03:54:36.639276,58,95,0.06186976930405464,0.025395656136080854,0.9756314811346063
2025-11-28 03:59:36.639276,60,97,0.04709731329696348,0.06397567343087773,0.6246198750906482
2025-11-28 04:04:36.639276,61,95,0.03879179158627731,0.027498675552691386,0.9128652811463224
2025-11-28 04:09:36.639276,67,98,0.07723729070742975,0.053563501304817115,0.811457531857128
2025-11-28 04:14:36.639276,55,97,0.09075735275407308,0.024747520144767946,1.0
2025-11-28 04:19:36.639276,59,97,0.08059862873129409,0.05046967983758602,1.0
2025-11-28 04:24:36.639276,68,96,0.055344750877823035,0.026122122264407157,0.5331940563448572
2025-11-28 04:29:36.639276,57,98,0.05016854210628491,0.041159224132019584,1.0
2025-11-28 04:34:36.639276,52,97,0.05540159731398088,0.005552497248646661,0.8979071451814424
2025-11-28 04:39:36.639276,57,96,0.03887016737871823,0.05050789508149966,0.48986531481994366
2025-11-28 04:44:36.639276,61,98,0.06368035747453649,0.03345269103139928,0.6196435744334028
2025-11-28 04:49:36.639276,57,95,0.0063754363093843055,0.03317695703073161,0.9730510497912414
2025-11-28 04:54:36.639276,58,98,0.07470443492910388,0.049763135747514155,0.9637372803116802
2025-11-28 04:59:36.639276,58,97,0.05523243425303872,0.038057541912264355,0.8600707507766646
2025-11-28 05:04:36.639276,61,98,0.07432503381887227,0.01987459613085565,0.8394215569403617
2025-11-28 05:09:36.639276,63,97,0.0576162138787496,0.05465482858717024,0.5655978327964195
2025-11-28 05:14:36.639276,66,96,0.05694718241406101,0.012340717913051467,1.0
2025-11-28 05:19:36.639276,51,95,0.06877215536846099,0.07117413905472382,1.0
2025-11-28 05:24:36.639276,64,95,0.034672523401871484,0.08602990693297233,0.6554400764753017
2025-11-28 05:29:36.639276,61,97,0.05637198837329047,0.042085971629084576,0.9539121226934689
2025-11-28 05:34:36.639276,64,95,0.04797804051039782,0.039302421705340713,0.9101484051903334
2025-11-28 05:39:36.639276,59,97,0.01710701258629438,0.029423550226932205,0.8755122511053179
2025-11-28 05:44:36.639276,63,95,0.050803073943484746,0.06379650917465784,0.6446626650852784
2025-11-28 05:49:36.639276,50,98,0.06741135803907228,0.04696864158826306,0.7959902216185669
2025-11-28 05:54:36.639276,63,96,0.038133846107398346,0.0733210609495001,0.6234806610411775
2025-11-28 05:59:36.639276,57,97,0.0714993916838687,0.07304211829236694,0.9432192463313938
2025-11-28 06:04:36.639276,64,97,0.03117083630303506,0.06748852607029354,0.48103777341134585
2025-11-28 06:09:36.639276,52,96,0.07662438864825129,0.03358144778929841,0.8252733107049144
2025-11-28 06:14:36.639276,58,95,0.05882256074062388,0.06594283740897322,0.907369585564784
2025-11-28 06:19:36.639276,63,95,0.07852149520244436,0.058136995038081306,0.9011156529595034
2025-11-28 06:24:36.639276,57,94,0.06663715732819454,0.04971539955963367,0.924287252306447
2025-11-28 06:29:36.639276,62,95,0.03875730237136303,0.028858575423989737,0.7527325504130036
2025-11-28 06:34:36.639276,56,97,0.0654955385167664,0.0934873786951455,1.0
2025-11-28 06:39:36.639276,58,97,0.03118516903549252,0.07091823411729527,0.5377013711972962
2025-11-28 06:44:36.639276,58,95,0.05801953102987258,0.02411990929276607,0.5504539589997541
2025-11-28 06:49:36.639276,57,95,0.06923271529280862,0.06560813164950202,1.0
2025-11-28 06:54:36.639276,53,98,0.044779531782081994,0.05053957543743223,0.807398093435708
2025-11-28 06:59:36.639276,56,98,0.05212725284826147,0.08033685020944543,0.9632980678325902
2025-11-28 07:04:36.639276,67,99,0.6209556819982507,0.3322609897339202,0.0
2025-11-28 07:09:36.639276,81,97,0.3384285656764245,0.5479042198841926,0.0
2025-11-28 07:14:36.639276,85,97,0.3289326932763601,0.3197498618085223,0.0
2025-11-28 07:19:36.639276,82,97,0.556982472093025,0.426105340847243,0.0
2025-11-28 07:24:36.639276,72,99,0.2276692200730158,0.27766722942308225,0.0
2025-11-28 07:29:36.639276,75,98,0.594652673565395,0.6613897805540643,0.0
2025-11-28 07:34:36.639276,83,97,0.3071708346426502,0.5171827062055102,0.0
2025-11-28 07:39:36.639276,78,98,0.47647525422844933,0.4586392214451729,0.0
2025-11-28 07:44:36.639276,81,98,0.30853908137847075,0.8581511718038198,0.0
2025-11-28 07:49:36.639276,77,96,0.5276567425933376,0.4989237059103819,0.0
2025-11-28 07:54:36.639276,84,97,0.36805827328662927,0.5874144125135197,0.0
2025-11-28 07:59:36.639276,72,99,0.4846305175301315,0.22201319076050016,0.0
2025-11-28 08:04:36.639276,75,98,0.5932728700484597,0.290419916979662,0.0
2025-11-28 08:09:36.639276,59,97,0.3372191614157791,0.6807970336727667,0.0
2025-11-28 08:14:36.639276,93,98,0.39856507573256894,0.4172257361193719,0.0
2025-11-28 08:19:36.639276,96,98,0.6945805364013803,0.5346001457970724,0.0
2025-11-28 08:24:36.639276,101,97,0.2477634786350157,0.36965230428316337,0.0
2025-11-28 08:29:36.639276,76,98,0.1881225291853676,0.3234486947479279,0.0
2025-11-28 08:34:36.639276,78,98,0.22075321915868093,0.24830182336433307,0.0
2025-11-28 08:39:36.639276,65,97,0.2776808779717768,0.6076760232754823,0.0
2025-11-28 08:44:36.639276,83,98,0.5289601494465107,0.5912355383851449,0.0
2025-11-28 08:49:36.639276,61,97,0.329203448780713,0.3346209417029015,0.0
2025-11-28 08:54:36.639276,82,98,0.32374166095301216,0.7092833590829659,0.0
2025-11-28 08:59:36.639276,71,96,0.5914480078637234,0.5701343524818422,0.0
2025-11-28 09:04:36.639276,91,98,0.9006919748250872,0.4444719304506914,0.0
2025-11-28 09:09:36.639276,92,97,0.2763301042782619,0.4499767527984521,0.0
2025-11-28 09:14:36.639276,72,97,0.35298254655046085,0.5375421458579174,0.0
2025-11-28 09:19:36.639276,95,97,0.48123567059003375,0.44999814653064013,0.0
2025-11-28 09:24:36.639276,78,98,0.24727204741777417,0.6141653233573175,0.0
2025-11-28 09:29:36.639276,80,95,0.696571799723823,0.6497412931291626,0.0
2025-11-28 09:34:36.639276,69,98,0.6575620877134947,0.174058923393884,0.0
2025-11-28 09:39:36.639276,77,97,0.5560770711188332,0.6669214188743305,0.0
2025-11-28 09:44:36.639276,59,98,0.4610526051240648,0.3343182785378422,0.0
2025-11-28 09:49:36.639276,82,96,0.5768298708078101,0.2561398730175143,0.0
2025-11-28 09:54:36.639276,79,95,0.46908006556337656,0.7533108474340744,0.0
2025-11-28 09:59:36.639276,89,98,0.36374181328897703,0.4164181249779807,0.0
2025-11-28 10:04:36.639276,88,97,0.6886201657536207,0.5087966169204348,0.0
2025-11-28 10:09:36.639276,97,97,0.08763009072008872,0.873769716584531,0.0
2025-11-28 10:14:36.639276,81,98,0.469988045181552,0.12915607221913666,0.0
2025-11-28 10:19:36.639276,78,98,0.17208413883938156,0.47873737974797503,0.0
2025-11-28 10:24:36.639276,72,98,0.6626525657531224,0.4332296046442549,0.0
2025-11-28 10:29:36.639276,75,96,0.6486644821631625,0.4121979392993378,0.0
2025-11-28 10:34:36.639276,79,98,0.5134731887583265,0.5336294661879213,0.0
2025-11-28 10:39:36.639276,94,97,0.3054640952401299,0.4252087491256883,0.0
2025-11-28 10:44:36.639276,83,96,0.9133263066287783,0.8052396949977682,0.0
2025-11-28 10:49:36.639276,71,97,0.5973338078795165,0.06886794322582108,0.0
2025-11-28 10:54:36.639276,83,97,0.6298135829130795,0.7258207467512966,0.0
2025-11-28 10:59:36.639276,88,98,0.587786928169456,0.5925478425670093,0.0
2025-11-28 11:04:36.639276,69,98,0.3327974645118855,0.5327571120292556,0.0
2025-11-28 11:09:36.639276,89,98,0.8438898345661149,0.40788982928990164,0.0
2025-11-28 11:14:36.639276,79,96,0.42431098731330624,0.33371187068281355,0.0
2025-11-28 11:19:36.639276,101,97,0.824989398182646,0.4522674330994883,0.0
2025-11-28 11:24:36.639276,82,96,0.4701058447864126,0.553666304493188,0.0
2025-11-28 11:29:36.639276,61,98,0.2916447170619321,0.299608415178569,0.0
2025-11-28 11:34:36.639276,65,97,0.6438589611827417,0.2328930730171896,0.0
2025-11-28 11:39:36.639276,81,96,0.7931165617870619,0.7225198332476855,0.0
2025-11-28 11:44:36.639276,82,98,0.22285903955243755,0.3449572083573386,0.0
2025-11-28 11:49:36.639276,45,98,0.4245044427489019,0.35218722457327145,0.0
2025-11-28 11:54:36.639276,75,97,0.43762793849193676,0.6741074174730891,0.0
2025-11-28 11:59:36.639276,65,98,0.30679135641345107,0.5480372175993099,0.0
2025-11-28 12:04:36.639276,57,98,0.8060161643735121,0.4035824029642085,0.0
2025-11-28 12:09:36.639276,70,97,0.09960047350826622,0.617820783592017,0.0
2025-11-28 12:14:36.639276,67,99,0.3933627885956736,0.4718577156603516,0.0
2025-11-28 12:19:36.639276,83,98,0.8928677809989849,0.5316055538490807,0.0
2025-11-28 12:24:36.639276,83,96,0.42224877893430124,0.47043960403910967,0.0
2025-11-28 12:29:36.639276,75,96,0.5278489119546521,0.2944579816635531,0.0
2025-11-28 12:34:36.639276,78,98,0.3093182620043577,0.3882663205100513,0.0
2025-11-28 12:39:36.639276,82,97,-0.04209323514682278,0.3865292560556671,0.0
2025-11-28 12:44:36.639276,79,96,0.9163708435395309,0.4622284896101489,0.0
2025-11-28 12:49:36.639276,90,98,0.8129927328524266,0.5081330504477767,0.0
2025-11-28 12:54:36.639276,64,96,0.3756601730246405,0.39849220776898314,0.0
2025-11-28 12:59:36.639276,80,98,0.3934333828821667,0.5387845618803849,0.0
2025-11-28 13:04:36.639276,75,98,0.41998457308221065,0.7863440871774949,0.0
2025-11-28 13:09:36.639276,72,98,0.17226977012697,0.46654095278004537,0.0
2025-11-28 13:14:36.639276,92,97,0.3536187840114943,0.5188615048496499,0.0
2025-11-28 13:19:36.639276,93,95,0.5349046826334533,0.7915278106792393,0.0
2025-11-28 13:24:36.639276,75,96,0.4576255696519972,0.39689656179738125,0.0
2025-11-28 13:29:36.639276,94,98,0.43289961056219195,0.1629313533269239,0.0
2025-11-28 13:34:36.639276,72,100,0.4778396742669176,0.32058952428913556,0.0
2025-11-28 13:39:36.639276,71,96,0.022981011168633332,0.04735355342514127,0.0
2025-11-28 13:44:36.639276,95,99,0.5458013134572098,0.9515344334954321,0.0
2025-11-28 13:49:36.639276,81,98,0.3262383495864801,0.5329168015570722,0.0
2025-11-28 13:54:36.639276,65,97,0.36699738871352494,0.5463764889468067,0.0
2025-11-28 13:59:36.639276,75,100,0.8995469650153565,0.3790365623765442,0.0
2025-11-28 14:04:36.639276,76,97,0.28013430421214436,0.7443228293972983,0.0
2025-11-28 14:09:36.639276,78,97,0.7517625171826221,0.5697229328924451,0.0
2025-11-28 14:14:36.639276,77,99,0.4700726549371175,0.572094352469241,0.0
2025-11-28 14:19:36.639276,81,98,0.45754292505895605,1.0539288944733933,0.0
2025-11-28 14:24:36.639276,74,96,0.35675172589445187,0.3550585462356914,0.0
2025-11-28 14:29:36.639276,91,98,0.7184076720248436,0.47664772270315064,0.0
2025-11-28 14:34:36.639276,75,97,0.5964141589594069,0.6876828571812876,0.0
2025-11-28 14:39:36.639276,88,98,0.550779155352404,0.43690470401540854,0.0
2025-11-28 14:44:36.639276,77,99,0.4183047599220699,0.8482777958294584,0.0
2025-11-28 14:49:36.639276,61,96,0.5772323660466101,0.483223014909462,0.0
2025-11-28 14:54:36.639276,87,100,0.6624892981952893,0.2432632864689198,0.0
2025-11-28 14:59:36.639276,72,98,0.34153681672184427,0.5641083799085089,0.0
2025-11-28 15:04:36.639276,75,97,0.44814654722726527,0.645272615990108,0.0
2025-11-28 15:09:36.639276,70,98,0.37493306032519363,0.4377782155583698,0.0
2025-11-28 15:14:36.639276,81,99,0.567461322200239,0.4732853222737699,0.0
2025-11-28 15:19:36.639276,79,98,0.7040851689639601,0.42569832144942543,0.0
2025-11-28 15:24:36.639276,82,100,0.3949697053888459,0.5815933058944903,0.0
2025-11-28 15:29:36.639276,79,97,0.5600737805768832,0.6103452723968366,0.0
2025-11-28 15:34:36.639276,87,99,0.46984333317918525,0.2879867707853386,0.0
2025-11-28 15:39:36.639276,87,97,0.30001445553359657,0.8024875461814849,0.0
2025-11-28 15:44:36.639276,84,97,0.4188299583395996,0.3408167579771344,0.0
2025-11-28 15:49:36.639276,82,97,0.26255540395387783,0.7420235252265909,0.0
2025-11-28 15:54:36.639276,61,98,0.5151364454286816,0.7513164626976109,0.0
2025-11-28 15:59:36.639276,81,97,0.6580134640982402,0.5493601567985381,0.0
2025-11-28 16:04:36.639276,71,98,0.45569337577333363,0.17424081058008245,0.0
2025-11-28 16:09:36.639276,65,97,0.6895311244830518,0.4668907020395612,0.0
2025-11-28 16:14:36.639276,85,99,0.774762401646375,0.5322086502372396,0.0
2025-11-28 16:19:36.639276,89,98,0.32563986042164583,0.5243069303248635,0.0
2025-11-28 16:24:36.639276,84,99,0.4536799740373672,0.6274692016333014,0.0
2025-11-28 16:29:36.639276,84,97,0.3866621841339774,0.6716371196103628,0.0
2025-11-28 16:34:36.639276,75,96,0.7497620074593161,0.6095986040310822,0.0
2025-11-28 16:39:36.639276,68,97,0.7137523041253554,0.3157785628936027,0.0
2025-11-28 16:44:36.639276,81,98,0.35505114732007337,0.22289276795632465,0.0
2025-11-28 16:49:36.639276,73,98,0.6459639528691747,0.4982401958674375,0.0
2025-11-28 16:54:36.639276,97,97,0.3324453253019711,0.5192440201369221,0.0
2025-11-28 16:59:36.639276,91,100,0.4767936576357757,0.315941306110375,0.0
2025-11-28 17:04:36.639276,78,97,0.22446073829663524,0.4320614819815004,0.0
2025-11-28 17:09:36.639276,104,97,0.5349977150172519,0.8399581483259662,0.0
2025-11-28 17:14:36.639276,97,96,0.39796226047584254,0.29752557957859194,0.0
2025-11-28 17:19:36.639276,56,97,0.3327385451226181,0.450242242632595,0.0
2025-11-28 17:24:36.639276,86,97,0.5556085086012358,0.5311334328909856,0.0
2025-11-28 17:29:36.639276,101,99,0.4275121984128192,0.5565197995058586,0.0
2025-11-28 17:34:36.639276,77,96,0.3844238196096438,0.6660768190311455,0.0
2025-11-28 17:39:36.639276,83,97,0.020081302478922387,0.38689161094570695,0.0
2025-11-28 17:44:36.639276,74,98,0.912188996998413,0.08367516247627724,0.0
2025-11-28 17:49:36.639276,70,98,0.48558710556030177,0.7822014690938648,0.0
2025-11-28 17:54:36.639276,70,96,0.264367176539547,-0.0031202104190130087,0.0
2025-11-28 17:59:36.639276,78,97,0.28811511728792116,0.5754554180677179,0.0
2025-11-28 18:04:36.639276,85,96,0.3153743370610144,0.4318387739700186,0.0
2025-11-28 18:09:36.639276,85,98,0.5342526016626875,0.20589540912932647,0.0
2025-11-28 18:14:36.639276,84,97,0.20122622348211106,0.3470312798331912,0.0
2025-11-28 18:19:36.639276,69,98,0.2940867396352977,0.6022968535938549,0.0
2025-11-28 18:24:36.639276,90,97,0.3751031592274373,0.20529371502809365,0.0
2025-11-28 18:29:36.639276,82,95,0.4135667452259046,0.44968242867296077,0.0
2025-11-28 18:34:36.639276,79,98,0.555666038880687,0.39586135830358754,0.0
2025-11-28 18:39:36.639276,67,96,0.5764080387319764,0.5852714734334213,0.0
2025-11-28 18:44:36.639276,83,96,0.2257949464601482,0.7427734022083072,0.0
2025-11-28 18:49:36.639276,78,98,0.4873757128320858,0.8817328564825583,0.0
2025-11-28 18:54:36.639276,86,97,0.24180979689498294,0.3192903946967914,0.0
2025-11-28 18:59:36.639276,82,96,0.5958825697781163,0.5463205607434035,0.0
2025-11-28 19:04:36.639276,67,98,0.4592767590763752,0.4670924516359849,0.0
2025-11-28 19:09:36.639276,90,99,0.06274344688365098,0.7015783800002529,0.0
2025-11-28 19:14:36.639276,101,98,0.38029129378038323,0.6961590629986456,0.0
2025-11-28 19:19:36.639276,85,99,0.6502517832562967,0.13618598351486086,0.0
2025-11-28 19:24:36.639276,74,96,0.34841724843248106,0.5801024958268283,0.0
2025-11-28 19:29:36.639276,94,98,0.4868039468337525,0.7624889159948781,0.0
2025-11-28 19:34:36.639276,90,96,0.40981492553722987,0.9454381081993142,0.0
2025-11-28 19:39:36.639276,90,97,0.2255309344335644,0.407804805355611,0.0
2025-11-28 19:44:36.639276,77,97,0.35149057778513554,0.530410090572835,0.0
2025-11-28 19:49:36.639276,71,98,0.07885965144457933,0.2683943380754361,0.0
2025-11-28 19:54:36.639276,106,96,0.8293711206007081,0.46770746363619614,0.0
2025-11-28 19:59:36.639276,81,97,0.3015331905053439,0.20177806536152992,0.0
2025-11-28 20:04:36.639276,83,97,0.6292850773184657,0.3897586929974483,0.0
2025-11-28 20:09:36.639276,79,98,0.33889202421069087,0.22258293450303987,0.0
2025-11-28 20:14:36.639276,78,97,0.4378694205575114,0.5689443079994736,0.0
2025-11-28 20:19:36.639276,69,98,0.09850767582453102,1.0475080660814464,0.0
2025-11-28 20:24:36.639276,87,99,0.2654175619605831,0.43705117494573653,0.0
2025-11-28 20:29:36.639276,80,97,0.6214348220730727,0.28920035204258154,0.0
2025-11-28 20:34:36.639276,64,98,0.5653531078013568,0.44166114243846705,0.0
2025-11-28 20:39:36.639276,77,97,0.7032544473316421,0.45021683791332623,0.0
2025-11-28 20:44:36.639276,82,98,0.5615725390640104,0.5007429321003865,0.0
2025-11-28 20:49:36.639276,83,98,0.42295876139558275,0.24930824292523093,0.0
2025-11-28 20:54:36.639276,89,95,0.3192942463492062,0.7313176748712285,0.0
2025-11-28 20:59:36.639276,88,97,0.5843357298351064,0.4415134650868823,0.0
2025-11-28 21:04:36.639276,70,97,0.1811861794021483,0.18428059125264207,0.0
2025-11-28 21:09:36.639276,88,98,0.4116457067301176,0.8119001455151124,0.0
2025-11-28 21:14:36.639276,92,97,0.16465413994344855,0.5112506146528133,0.0
2025-11-28 21:19:36.639276,74,99,0.3665886736427373,0.49696371381899507,0.0
2025-11-28 21:24:36.639276,71,99,0.42243795506080395,0.49917368917567784,0.0
2025-11-28 21:29:36.639276,84,97,0.6422912422835515,0.8129019969196216,0.0
2025-11-28 21:34:36.639276,86,99,0.7574299815437704,0.29612176542841867,0.0
2025-11-28 21:39:36.639276,72,97,0.15493133213446358,0.536065384530913,0.0
2025-11-28 21:44:36.639276,80,97,0.5593046289022356,0.5629774321254765,0.0
2025-11-28 21:49:36.639276,85,97,0.5725465287019459,0.43015060585910864,0.0
2025-11-28 21:54:36.639276,64,97,0.635474221742235,0.22856876910950005,0.0
2025-11-28 21:59:36.639276,79,96,0.5100029882416222,0.6703279875165705,0.0
2025-11-28 22:04:36.639276,71,98,0.5770467223223942,0.46776701291467326,0.0
2025-11-28 22:09:36.639276,81,100,0.6025645316569427,0.7308785727613551,0.0
2025-11-28 22:14:36.639276,64,100,0.10996693314508736,0.1882610921114969,0.0
2025-11-28 22:19:36.639276,92,98,0.29234307730278486,0.5743707728874338,0.0
2025-11-28 22:24:36.639276,67,99,0.4993887386406908,0.018447782171509414,0.0
2025-11-28 22:29:36.639276,87,98,0.5865040070143774,0.44923430404469755,0.0
2025-11-28 22:34:36.639276,75,98,0.30661435987469354,0.6387124488519913,0.0
2025-11-28 22:39:36.639276,83,97,0.5178069162783411,0.09290490882951034,0.0
2025-11-28 22:44:36.639276,60,97,0.7844200713948524,0.5925843281995796,0.0
2025-11-28 22:49:36.639276,97,98,0.48394555221162006,0.22809567441656012,0.0
2025-11-28 22:54:36.639276,85,98,0.5829373784906512,0.4627476057205644,0.0
2025-11-28 22:59:36.639276,83,96,0.6212490938799886,0.6949580370938138,0.0
2025-11-28 23:04:36.639276,54,97,0.06449345835978375,0.041220468634314354,0.6347993752003672
2025-11-28 23:09:36.639276,60,97,0.04776742967601295,0.02094242313103895,0.6797847965498351
2025-11-28 23:14:36.639276,73,96,0.07355081149693879,0.07775830532533176,0.5997105614666103
2025-11-28 23:19:36.639276,62,97,0.08380050382341722,0.03667037475182866,0.7307294777276846
2025-11-28 23:24:36.639276,57,98,0.0364454947880484,0.05447014166622464,0.6975731089798676
2025-11-28 23:29:36.639276,61,96,0.05605804057549813,0.04843271824492614,0.4206793796232884
2025-11-28 23:34:36.639276,54,96,0.06928279906731295,0.07189800539971411,0.4873195434935713
2025-11-28 23:39:36.639276,66,97,0.021221354480232414,0.05326730106251947,0.5944609581573841
2025-11-28 23:44:36.639276,58,97,0.09412301746018878,0.03295918785954206,0.7869890499218284
2025-11-28 23:49:36.639276,52,98,0.06770288277437755,0.033889303181279314,0.6053758833571711
2025-11-28 23:54:36.639276,57,95,0.02958441075027421,0.037004409563117964,0.7262783598814754
2025-11-28 23:59:36.639276,56,95,0.036651297650287774,0.05303771869413477,0.6534160781760852
2025-11-29 00:04:36.639276,63,96,0.08577883243579379,0.059579860697728,0.9485198926464261
2025-11-29 00:09:36.639276,54,97,0.06943301124649241,0.05252230940981356,0.9723582326788427
2025-11-29 00:14:36.639276,67,97,0.06367068780038433,0.05005472900806399,0.7681538438597459
2025-11-29 00:19:36.639276,65,97,0.021714696902484502,0.05783942743805582,0.5922976924393214
2025-11-29 00:24:36.639276,54,96,0.03620423344927964,0.0323077993949361,1.0
2025-11-29 00:29:36.639276,57,98,0.02824760373259511,0.05842079561046458,1.0
2025-11-29 00:34:36.639276,52,96,0.012358009757457038,0.03897261575868366,0.9239657932082863
2025-11-29 00:39:36.639276,65,96,0.08117401626762696,0.05625911575071713,0.914990871613963
2025-11-29 00:44:36.639276,58,96,0.03163603935390571,0.04651733012063006,1.0
2025-11-29 00:49:36.639276,57,98,0.05783500608868601,0.02884065326189835,0.6859265852542988
2025-11-29 00:54:36.639276,68,96,0.0768662533970268,0.04332419323300921,0.29750130625286614
2025-11-29 00:59:36.639276,62,95,0.07886329586464287,0.06486258138796305,0.9111397098083468
2025-11-29 01:04:36.639276,59,96,0.03973840512506667,0.01698034602814755,0.8465286853537723
2025-11-29 01:09:36.639276,63,95,0.024478811642611304,0.06341227128565534,0.9341321607137097
2025-11-29 01:14:36.639276,60,95,0.0970304431416348,0.03776671492536992,0.9146935825911837
2025-11-29 01:19:36.639276,62,99,0.05506931903528062,0.03030693754413824,0.5535558863449329
2025-11-29 01:24:36.639276,58,95,0.04230197287445381,0.044461207719484905,0.400411055582882
2025-11-29 01:29:36.639276,60,98,0.09901580862663494,0.07961833631734677,0.9466617222081704
2025-11-29 01:34:36.639276,62,98,0.05935882677249135,0.05910924681278956,0.8861799696530767
2025-11-29 01:39:36.639276,55,98,0.05400378267663844,0.04380992952710825,0.874844574318668
2025-11-29 01:44:36.639276,62,96,0.04200273590902383,0.039973994610340506,0.9639397980792015
2025-11-29 01:49:36.639276,65,98,0.06533488521957705,0.06768530154363117,0.5086959252879043
2025-11-29 01:54:36.639276,51,97,0.060754959607691,0.06426039232249019,1.0
2025-11-29 01:59:36.639276,56,95,0.0595466735834845,0.0532997793184321,0.708890087904543
2025-11-29 02:04:36.639276,66,96,0.08161092927785424,0.037707875321917814,1.0
2025-11-29 02:09:36.639276,61,97,0.058535935847276364,0.057636918149913605,0.7949297537910688
2025-11-29 02:14:36.639276,51,96,0.05947156765916553,0.04318414886344426,0.9533466490505705
2025-11-29 02:19:36.639276,55,97,0.03750611963194201,0.06795817986960921,1.0
2025-11-29 02:24:36.639276,68,95,0.06134780811284914,0.025101227126395422,0.8617382455642263
2025-11-29 02:29:36.639276,57,97,0.05567898208537894,0.0779686902720136,0.9264335790386574
2025-11-29 02:34:36.639276,63,96,0.04305826755301124,0.06434897163736923,0.9323779793734835
2025-11-29 02:39:36.639276,64,97,0.06210122662187996,0.03393915898064244,0.8145465316804748
2025-11-29 02:44:36.639276,62,96,0.04585552061132854,0.05519037942749606,0.6605235044827962
2025-11-29 02:49:36.639276,63,95,0.05146011740669756,0.05133234956839647,0.6372204259590043
2025-11-29 02:54:36.639276,64,98,0.07657017464398662,0.11259403652587194,0.9911804449769928
2025-11-29 02:59:36.639276,58,95,0.03836812817032844,0.04354462554651728,1.0
2025-11-29 03:04:36.639276,64,96,0.04338017645897999,0.05389099144593206,0.8732551806878809
2025-11-29 03:09:36.639276,66,96,0.01800532597832906,0.02761559814971855,1.0
2025-11-29 03:14:36.639276,63,95,0.020174854932557128,0.02416393678907304,1.0
2025-11-29 03:19:36.639276,62,98,0.021530364188214947,0.057842498253458524,0.8717732726815678
2025-11-29 03:24:36.639276,61,97,0.05712679434854326,0.05990828293665098,0.6220759242014509
2025-11-29 03:29:36.639276,61,96,0.05195662065922945,0.07772888629162213,0.7500270933646217
2025-11-29 03:34:36.639276,62,94,0.07434905151375781,0.005210599478570545,0.7011371278358031
2025-11-29 03:39:36.639276,63,96,0.01711015832639754,0.03581239433696315,1.0
2025-11-29 03:44:36.639276,59,97,0.0672601617069657,0.06038840195491078,1.0
2025-11-29 03:49:36.639276,62,96,0.03896594995679022,0.043354266998839916,0.8438486671549981
2025-11-29 03:54:36.639276,52,97,0.03418098706396646,0.004042893917075825,0.8574931619031201
2025-11-29 03:59:36.639276,58,96,0.05947069203787734,0.024108229885747866,0.8928163236637976
2025-11-29 04:04:36.639276,51,96,0.008324632180383802,0.038550636596797215,1.0
2025-11-29 04:09:36.639276,54,96,0.007410519706339437,0.03454502796405805,1.0
2025-11-29 04:14:36.639276,58,98,0.09232511480672285,0.05860020424315391,1.0
2025-11-29 04:19:36.639276,64,97,0.033297338726517155,0.061539592181847826,0.8304649199821517
2025-11-29 04:24:36.639276,50,96,0.05398237431336757,0.05971166975382291,0.6057202790717339
2025-11-29 04:29:36.639276,57,95,0.05377455104331793,0.06708552960405999,0.49682417448148186
2025-11-29 04:34:36.639276,61,97,0.01369804585412462,0.06529802996545493,1.0
2025-11-29 04:39:36.639276,60,96,0.03066083374192734,0.01780064447180858,0.8108542739887398
2025-11-29 04:44:36.639276,59,96,0.022940264237449003,0.07825233545038775,1.0
2025-11-29 04:49:36.639276,59,96,0.04835852649253616,0.03207697705591731,0.7611732042735507
2025-11-29 04:54:36.639276,85,95,0.5202716662115368,0.0659969245188861,0.1
2025-11-29 04:59:36.639276,63,98,0.06500491128719155,0.04561158259649331,0.6288258570151044
2025-11-29 05:04:36.639276,57,96,0.06332279973548822,0.02394260301105802,0.7435775967259233
2025-11-29 05:09:36.639276,54,96,0.08090283602391467,0.05279928104989514,1.0
2025-11-29 05:14:36.639276,54,95,0.06713871677719575,0.07817534641061688,0.8063458173734146
2025-11-29 05:19:36.639276,65,95,0.03441043667906155,0.03775861288119952,0.8053624007009561
2025-11-29 05:24:36.639276,62,97,0.06389984922128007,0.058590715943713574,0.9331843610784395
2025-11-29 05:29:36.639276,60,96,0.07979706307992562,0.04630841564149133,0.8026973813227697
2025-11-29 05:34:36.639276,62,98,0.028519158839946386,0.05362792449006164,0.6668888472440715
2025-11-29 05:39:36.639276,62,97,0.02773152492117604,0.04400747484442206,0.8611984853228083
2025-11-29 05:44:36.639276,60,98,0.06323111352050634,0.06747225510921069,0.8168297051161216
2025-11-29 05:49:36.639276,60,96,0.04989918939908799,0.025797339108295157,0.9155173875215404
2025-11-29 05:54:36.639276,63,99,0.008874687356097682,0.06723016365324039,1.0
2025-11-29 05:59:36.639276,66,94,0.04039865277078066,0.02987471466122091,0.9199122489324598
2025-11-29 06:04:36.639276,58,97,0.03972785341676207,0.044164878690022766,0.922115368823966
2025-11-29 06:09:36.639276,60,97,0.09477182200782781,0.05716507169088228,0.8196079064510746
2025-11-29 06:14:36.639276,59,97,0.07186547207452303,0.07532689411281158,0.9024326150375956
2025-11-29 06:19:36.639276,62,99,0.04828044529477162,0.02314374365864487,1.0
2025-11-29 06:24:36.639276,63,96,0.07289767097134825,0.03370830783760553,0.8371870969979762
2025-11-29 06:29:36.639276,56,98,0.029911195706547666,0.060704583116237255,0.7205037736331146
2025-11-29 06:34:36.639276,60,96,0.06252836190015515,0.046544072205246693,0.981597092826087
2025-11-29 06:39:36.639276,69,96,0.008000688511710135,0.04954312876212615,0.8120006843635597
2025-11-29 06:44:36.639276,51,98,0.029555977323324288,0.065396883176647,0.936036363077673
2025-11-29 06:49:36.639276,53,96,0.04968829236674827,0.06464646250108014,0.7402247699927539
2025-11-29 06:54:36.639276,56,98,0.05473256774927842,0.017369273368509918,1.0
2025-11-29 06:59:36.639276,66,96,0.04511639413375794,0.0510259630175848,0.5718003481210449
2025-11-29 07:04:36.639276,75,97,0.46347874526920446,0.3602414946345,0.0
2025-11-29 07:09:36.639276,83,98,0.6198250335706312,0.5328137815480108,0.0
2025-11-29 07:14:36.639276,83,98,0.33196232864634795,0.34925820611434466,0.0
2025-11-29 07:19:36.639276,77,97,0.4575949130380131,0.6710614855732309,0.0
2025-11-29 07:24:36.639276,92,99,0.4008014478847222,0.26458507199712,0.0
2025-11-29 07:29:36.639276,84,96,0.5629151246292202,0.43273333472321235,0.0
2025-11-29 07:34:36.639276,90,96,0.689072712886347,0.5610883506544341,0.0
2025-11-29 07:39:36.639276,88,97,0.6332881661751002,0.4529972086610147,0.0
2025-11-29 07:44:36.639276,77,97,0.859289869371522,0.42825441425305016,0.0
2025-11-29 07:49:36.639276,94,97,0.5722885413916434,0.7921769562233937,0.0
2025-11-29 07:54:36.639276,79,96,0.7684802633649805,0.7704410694816616,0.0
2025-11-29 07:59:36.639276,85,98,0.2821120829184846,0.5270831773290228,0.0
2025-11-29 08:04:36.639276,88,98,0.8809262836011517,0.22201802153595696,0.0
2025-11-29 08:09:36.639276,73,94,0.1315244213042338,0.4127347814596166,0.0
2025-11-29 08:14:36.639276,68,98,0.19543965431319874,0.6015227180751541,0.0
2025-11-29 08:19:36.639276,91,98,0.06967973664762057,0.16814064850400715,0.0
2025-11-29 08:24:36.639276,91,98,0.4293940031704878,0.4613428657010352,0.0
2025-11-29 08:29:36.639276,104,98,0.44197962339584884,0.36805576942450063,0.0
2025-11-29 08:34:36.639276,77,97,0.5272427664417987,0.4589530679417445,0.0
2025-11-29 08:39:36.639276,103,99,0.43113939482286173,0.48358455616572255,0.0
2025-11-29 08:44:36.639276,72,97,0.29295650563295544,0.7820461111329298,0.0
2025-11-29 08:49:36.639276,84,99,0.663389008026626,0.6125697552667202,0.0
2025-11-29 08:54:36.639276,82,99,0.21201486333166883,0.6948703878327148,0.0
2025-11-29 08:59:36.639276,85,96,1.0045803887954714,0.3374296294067622,0.0
2025-11-29 09:04:36.639276,70,98,0.4114584229117686,0.6246168283514844,0.0
2025-11-29 09:09:36.639276,77,97,0.6922489817780654,0.4010960606291811,0.0
2025-11-29 09:14:36.639276,81,98,0.1664238826497065,0.5290238690315574,0.0
2025-11-29 09:19:36.639276,86,99,0.5415272316978113,0.5772338781670063,0.0
2025-11-29 09:24:36.639276,75,99,0.06922721826673263,0.4751369049679492,0.0
2025-11-29 09:29:36.639276,86,97,0.5933892477601804,0.7760298113855897,0.0
2025-11-29 09:34:36.639276,84,98,0.42667620766339304,0.24586102864410087,0.0
2025-11-29 09:39:36.639276,94,97,0.6705495611548747,0.7194163364363442,0.0
2025-11-29 09:44:36.639276,78,97,0.6453248716978812,0.6470451498030616,0.0
2025-11-29 09:49:36.639276,89,98,0.6803807401576443,0.7417137077468595,0.0
2025-11-29 09:54:36.639276,74,98,0.24241802066236662,0.33586163960183996,0.0
2025-11-29 09:59:36.639276,102,96,0.37433465956282735,0.34329783855950446,0.0
2025-11-29 10:04:36.639276,91,99,0.7385906959386541,0.060398383039214895,0.0
2025-11-29 10:09:36.639276,95,97,0.627115530342307,0.6147132704802085,0.0
2025-11-29 10:14:36.639276,109,97,0.6292209767607224,0.8043609540045688,0.0
2025-11-29 10:19:36.639276,78,98,0.43067384756995597,0.1914510038373519,0.0
2025-11-29 10:24:36.639276,90,97,0.59529659590839,0.40449565378344965,0.0
2025-11-29 10:29:36.639276,87,98,0.25367295785261595,0.4168096999997433,0.0
2025-11-29 10:34:36.639276,66,99,0.6035884407714436,0.4930074849735957,0.0
2025-11-29 10:39:36.639276,73,99,0.8264119853847417,0.21944582337507662,0.0
2025-11-29 10:44:36.639276,87,96,0.35562577401557105,0.8550950930733071,0.0
2025-11-29 10:49:36.639276,78,98,0.6361327498194275,0.49460510654785667,0.0
2025-11-29 10:54:36.639276,97,97,0.6849674126361464,0.9214682260143222,0.0
2025-11-29 10:59:36.639276,85,98,0.4358728427962302,0.7318557359646644,0.0
2025-11-29 11:04:36.639276,83,97,0.3200581675303848,0.28605338851280593,0.0
2025-11-29 11:09:36.639276,73,99,0.2799682753200041,0.8299101843899587,0.0
2025-11-29 11:14:36.639276,83,99,0.43641713915068653,0.8120520060138751,0.0
2025-11-29 11:19:36.639276,73,98,0.411777915046416,0.2723706474403423,0.0
2025-11-29 11:24:36.639276,80,97,0.5462139090172535,0.8199773301365115,0.0
2025-11-29 11:29:36.639276,65,98,0.5487652722508233,1.0272731940030173,0.0
2025-11-29 11:34:36.639276,81,98,0.2902790952669578,0.3952570039229828,0.0
2025-11-29 11:39:36.639276,91,98,0.40182610970153043,0.09536838731067528,0.0
2025-11-29 11:44:36.639276,60,98,0.7184096369121599,0.600846365819867,0.0
2025-11-29 11:49:36.639276,80,99,0.2271009879916725,0.4628506279377019,0.0
2025-11-29 11:54:36.639276,71,98,0.714185467535151,0.7088198675772254,0.0
2025-11-29 11:59:36.639276,74,97,0.4519546950430137,0.40425246976276374,0.0
2025-11-29 12:04:36.639276,76,98,0.5748150312757184,0.6042749613137143,0.0
2025-11-29 12:09:36.639276,72,96,0.2772213431290458,0.7656401450208539,0.0
2025-11-29 12:14:36.639276,80,97,0.2691407153559571,0.3257285986943155,0.0
2025-11-29 12:19:36.639276,60,97,0.6367548048372089,0.538603191877682,0.0
2025-11-29 12:24:36.639276,68,98,0.7814199275627686,0.4832241745952515,0.0
2025-11-29 12:29:36.639276,78,97,0.22734811497025287,0.04116727442944501,0.0
2025-11-29 12:34:36.639276,79,96,0.6623772533488496,0.34279360067350645,0.0
2025-11-29 12:39:36.639276,104,98,0.5476229364034002,0.5736098198980414,0.0
2025-11-29 12:44:36.639276,71,98,0.47402267020482514,1.0004119582400492,0.0
2025-11-29 12:49:36.639276,74,97,0.45860033386031196,0.19588639081285153,0.0
2025-11-29 12:54:36.639276,78,98,0.2679773807536154,0.35027114654139224,0.0
2025-11-29 12:59:36.639276,73,96,0.7364310799473566,0.8196986971731769,0.0
2025-11-29 13:04:36.639276,78,98,0.2807996258629815,0.4484346178325561,0.0
2025-11-29 13:09:36.639276,89,98,0.27196370479178783,0.42720918981596845,0.0
2025-11-29 13:14:36.639276,80,98,0.47384911391163226,0.21731166146403263,0.0
2025-11-29 13:19:36.639276,79,96,0.24170386757614842,0.5273755975206051,0.0
2025-11-29 13:24:36.639276,72,99,0.49352082700066285,0.45725712682325853,0.0
2025-11-29 13:29:36.639276,91,98,0.5396283402266789,0.5238632291477168,0.0
2025-11-29 13:34:36.639276,72,98,0.617804581917429,0.4368346694822484,0.0
2025-11-29 13:39:36.639276,85,97,0.6293718945389741,0.07040839845318299,0.0
2025-11-29 13:44:36.639276,84,96,0.6733651371323413,0.2933619447938353,0.0
2025-11-29 13:49:36.639276,94,97,0.6910099455502651,0.9825077606842266,0.0
2025-11-29 13:54:36.639276,77,99,0.3870817655203815,0.5167667880253206,0.0
2025-11-29 13:59:36.639276,88,96,-0.01968245011125734,0.45199874105552373,0.0
2025-11-29 14:04:36.639276,73,97,0.8187437952427666,0.30312168850364285,0.0
2025-11-29 14:09:36.639276,84,99,0.2959636313126908,0.480612866588186,0.0
2025-11-29 14:14:36.639276,71,96,0.4837810337237626,0.4491320638110206,0.0
2025-11-29 14:19:36.639276,94,97,0.7687183425660048,0.328683585040283,0.0
2025-11-29 14:24:36.639276,96,99,0.34984697403555826,0.441531383337507,0.0
2025-11-29 14:29:36.639276,91,99,0.31690241337610525,0.318091979415865,0.0
2025-11-29 14:34:36.639276,84,98,0.4540894838048114,0.4846081943343363,0.0
2025-11-29 14:39:36.639276,64,96,0.48463174846920815,0.18364712753951856,0.0
2025-11-29 14:44:36.639276,81,98,0.3908182211039324,0.4180149722778558,0.0
2025-11-29 14:49:36.639276,83,97,0.24445208585924097,0.416565635194101,0.0
2025-11-29 14:54:36.639276,87,96,0.6028199425082953,0.8110058841651802,0.0
2025-11-29 14:59:36.639276,78,99,0.6391164269904102,0.278477350111496,0.0
2025-11-29 15:04:36.639276,93,97,0.698831083283108,0.5697615611850753,0.0
2025-11-29 15:09:36.639276,106,98,0.5756489741103695,0.47498846151045443,0.0
2025-11-29 15:14:36.639276,92,96,0.7217047300264796,0.7607979514277255,0.0
2025-11-29 15:19:36.639276,79,97,0.5512420822235276,0.3089696587391996,0.0
2025-11-29 15:24:36.639276,88,99,0.532052353192695,0.50258275082616,0.0
2025-11-29 15:29:36.639276,70,97,0.41592857978957937,0.3108899839582656,0.0
2025-11-29 15:34:36.639276,83,98,0.8799312006637183,0.40363370376369767,0.0
2025-11-29 15:39:36.639276,57,97,0.5264095255883378,1.0984672549056482,0.0
2025-11-29 15:44:36.639276,87,96,0.3267712659271844,0.8473225374459049,0.0
2025-11-29 15:49:36.639276,66,98,0.28963614219176276,0.31368254182333416,0.0
2025-11-29 15:54:36.639276,77,98,0.4728115187630483,0.7054980386069107,0.0
2025-11-29 15:59:36.639276,92,96,0.429170554126232,0.36788399197092686,0.0
2025-11-29 16:04:36.639276,95,96,0.07512082079002871,0.7095659293475982,0.0
2025-11-29 16:09:36.639276,84,95,0.48922179733077503,0.5385782009723904,0.0
2025-11-29 16:14:36.639276,79,98,0.6425293066083794,0.648172146780856,0.0
2025-11-29 16:19:36.639276,72,98,0.5538578151931917,0.6464769958494955,0.0
2025-11-29 16:24:36.639276,62,98,0.2266511217957789,0.7779834529496209,0.0
2025-11-29 16:29:36.639276,72,97,0.4184948610806301,0.4893113667124546,0.0
2025-11-29 16:34:36.639276,76,96,0.581987072422796,0.504013466956008,0.0
2025-11-29 16:39:36.639276,74,101,0.3605204731880672,0.5166539047805456,0.0
2025-11-29 16:44:36.639276,73,97,0.3572388763601704,0.7183333809216915,0.0
2025-11-29 16:49:36.639276,86,98,0.2770867515071697,0.3075501918798992,0.0
2025-11-29 16:54:36.639276,85,98,0.14018916565000927,0.19116368924831723,0.0
2025-11-29 16:59:36.639276,73,100,0.542593988477432,0.6735048515026383,0.0
2025-11-29 17:04:36.639276,71,97,0.4905847280062502,0.32457980243852336,0.0
2025-11-29 17:09:36.639276,81,97,0.4492645662657468,0.5871987668806621,0.0
2025-11-29 17:14:36.639276,79,99,0.5738703024673194,0.5470591995878255,0.0
2025-11-29 17:19:36.639276,88,97,0.6617930292512583,0.3249726180142614,0.0
2025-11-29 17:24:36.639276,68,98,0.5265481355496724,0.8407800402479615,0.0
2025-11-29 17:29:36.639276,67,97,0.6074864203928773,0.2774229028906382,0.0
2025-11-29 17:34:36.639276,77,96,0.28465591954659436,0.18754511545906094,0.0
2025-11-29 17:39:36.639276,86,97,0.6693701993027038,0.6917377905880782,0.0
2025-11-29 17:44:36.639276,87,98,0.0355861283817142,0.6807993286600617,0.0
2025-11-29 17:49:36.639276,79,97,0.58785389354298,1.0648434803670848,0.0
2025-11-29 17:54:36.639276,69,96,0.4047604097360969,0.5709680283468461,0.0
2025-11-29 17:59:36.639276,83,96,0.42556122344176184,0.6891217551463311,0.0
2025-11-29 18:04:36.639276,79,98,0.3580014014214779,0.6006071691588596,0.0
2025-11-29 18:09:36.639276,77,98,0.5101965676110933,0.49044594737261443,0.0
2025-11-29 18:14:36.639276,76,99,0.8686561188113316,0.5136481278899194,0.0
2025-11-29 18:19:36.639276,84,97,0.6085168910446349,0.47987017669689913,0.0
2025-11-29 18:24:36.639276,73,97,0.31471299719380946,0.3080500690529401,0.0
2025-11-29 18:29:36.639276,60,97,0.07532942886027809,0.18615011906727708,0.0
2025-11-29 18:34:36.639276,63,99,0.23729179639976963,0.5112810417877313,0.0
2025-11-29 18:39:36.639276,80,99,0.49227801167180724,0.4748961336091278,0.0
2025-11-29 18:44:36.639276,68,96,0.5856586479771805,0.5757987783729661,0.0
2025-11-29 18:49:36.639276,64,98,0.6080962108890299,0.5394249458168401,0.0
2025-11-29 18:54:36.639276,92,97,0.5757456282731865,0.44134362068116706,0.0
2025-11-29 18:59:36.639276,70,98,0.21696670465397097,0.46649384270262223,0.0
2025-11-29 19:04:36.639276,65,99,0.47647702805365,0.040472857527314665,0.0
2025-11-29 19:09:36.639276,96,98,0.48307370472790906,0.25872986660590286,0.0
2025-11-29 19:14:36.639276,99,97,0.42080080915011076,0.15487831887597656,0.0
2025-11-29 19:19:36.639276,83,97,0.28632396837098395,0.8705873154690832,0.0
2025-11-29 19:24:36.639276,76,98,0.6141290126691868,0.483583505183223,0.0
2025-11-29 19:29:36.639276,89,97,0.43987400520239917,0.47351719348529014,0.0
2025-11-29 19:34:36.639276,75,97,0.453415149729425,0.3901289101899635,0.0
2025-11-29 19:39:36.639276,68,97,0.5826208869258873,0.15394971496471618,0.0
2025-11-29 19:44:36.639276,89,97,0.294618797866114,0.4563411722038451,0.0
2025-11-29 19:49:36.639276,140,85,0.0,0.5387790980057764,0.0
2025-11-29 19:54:36.639276,92,100,0.6526782110897071,0.6117530959177613,0.0
2025-11-29 19:59:36.639276,81,98,0.5960108991230422,0.6126581557716246,0.0
2025-11-29 20:04:36.639276,101,96,0.46983793088433706,0.7270580699891175,0.0
2025-11-29 20:09:36.639276,89,98,0.7547103257175282,0.22527422932521876,0.0
2025-11-29 20:14:36.639276,80,98,0.5196368980149955,0.1126057891132253,0.0
2025-11-29 20:19:36.639276,78,99,0.5199154907568482,0.45539030737704195,0.0
2025-11-29 20:24:36.639276,58,97,0.6892864833447632,0.23240965453898452,0.0
2025-11-29 20:29:36.639276,74,98,0.8600891837700722,0.47931934598616316,0.0
2025-11-29 20:34:36.639276,64,99,-0.00977164697679423,0.20062939338449845,0.0
2025-11-29 20:39:36.639276,64,97,0.5948151847767363,0.8141399350526034,0.0
2025-11-29 20:44:36.639276,80,97,0.43901140143369444,0.8340647175618627,0.0
2025-11-29 20:49:36.639276,83,98,0.7795924270471588,0.7276664516449701,0.0
2025-11-29 20:54:36.639276,95,98,0.6575640937100626,0.5117630635957245,0.0
2025-11-29 20:59:36.639276,81,96,0.5825459221441752,0.3021200921361403,0.0
2025-11-29 21:04:36.639276,73,99,0.607365302441048,0.3968956093298795,0.0
2025-11-29 21:09:36.639276,75,99,0.34747565380724893,0.3729591084581276,0.0
2025-11-29 21:14:36.639276,92,98,0.39537969353361685,0.4657625399823812,0.0
2025-11-29 21:19:36.639276,75,98,0.7372679735547581,0.6728181710259168,0.0
2025-11-29 21:24:36.639276,93,96,0.5167036030794742,0.8122744417282058,0.0
2025-11-29 21:29:36.639276,78,98,0.46119856077902016,0.5533565289013276,0.0
2025-11-29 21:34:36.639276,90,97,0.27434007079423783,0.8752613528726578,0.0
2025-11-29 21:39:36.639276,94,99,0.3099396306198288,0.3929077464575177,0.0
2025-11-29 21:44:36.639276,75,96,0.38969067698426935,0.4544445064398687,0.0
2025-11-29 21:49:36.639276,94,98,0.3864459806828672,0.533146325026408,0.0
2025-11-29 21:54:36.639276,64,97,0.6607059715276555,0.3050892560977357,0.0
2025-11-29 21:59:36.639276,79,96,0.4983439562348274,0.6548336959280239,0.0
2025-11-29 22:04:36.639276,76,97,0.7806984512091507,0.5544825280525485,0.0
2025-11-29 22:09:36.639276,82,97,0.2427124478493918,0.6775576223622085,0.0
2025-11-29 22:14:36.639276,83,97,0.352554988270571,0.6106476130611495,0.0
2025-11-29 22:19:36.639276,78,98,0.5733931556063433,0.7080195400742381,0.0
2025-11-29 22:24:36.639276,84,97,0.7824335091141531,0.38977462603596713,0.0
2025-11-29 22:29:36.639276,81,96,0.3397186912474458,0.5439630053315999,0.0
2025-11-29 22:34:36.639276,86,96,0.4178212735652987,0.16845880249724446,0.0
2025-11-29 22:39:36.639276,83,99,0.15644797917320283,0.45623464293477967,0.0
2025-11-29 22:44:36.639276,68,99,0.6574867355869184,0.2417295556558787,0.0
2025-11-29 22:49:36.639276,78,96,0.1992964827890065,0.30762672361768084,0.0
2025-11-29 22:54:36.639276,72,98,0.8649580053414797,0.21107561881913947,0.0
2025-11-29 22:59:36.639276,86,95,0.8332386362357971,0.5765362535051022,0.0
2025-11-29 23:04:36.639276,56,96,0.03653256726966745,0.06841408400022982,0.8324167085635391
2025-11-29 23:09:36.639276,53,96,0.05397522168904285,0.005069716367695893,0.3379412313406303
2025-11-29 23:14:36.639276,85,97,0.5553901852731904,0.04763166647204365,0.1
2025-11-29 23:19:36.639276,59,96,0.026109322212844194,0.0684208415465234,0.9562813045365282
2025-11-29 23:24:36.639276,51,98,0.025768999676049394,0.043861741451717375,0.9217238760641902
2025-11-29 23:29:36.639276,58,96,0.03691732842653828,0.031212496438019682,0.635435832451121
2025-11-29 23:34:36.639276,57,97,0.04793750383413159,0.048716548280849335,0.8648515053887935
2025-11-29 23:39:36.639276,62,96,0.023919430443012788,0.0658027409781455,0.7273218152897442
2025-11-29 23:44:36.639276,58,96,0.05470144835075359,0.07432448750928099,0.5865108337575002
2025-11-29 23:49:36.639276,58,97,0.0842752369527412,0.018509671815120934,0.7493360010288468
2025-11-29 23:54:36.639276,65,97,0.03018556341348414,0.06824446204511647,0.7205882681692687
2025-11-29 23:59:36.639276,56,96,0.06532943115002843,0.04655979637010558,0.6096221385582156
2025-11-30 00:04:36.639276,54,95,0.05697969461597386,0.03454528955733906,0.7221205171687118
2025-11-30 00:09:36.639276,55,95,0.05701500177019177,0.03524641212160218,0.7440610569505531
2025-11-30 00:14:36.639276,53,97,0.044223056462776744,0.04712745799358955,0.5184069871418492
2025-11-30 00:19:36.639276,63,95,0.02680252859959926,0.053684875036137565,0.5210451900101454
2025-11-30 00:24:36.639276,57,97,0.08762142878159321,0.03856336161340938,1.0
2025-11-30 00:29:36.639276,59,97,0.041070389802380675,0.07432290295992482,0.5977176149073573
2025-11-30 00:34:36.639276,64,97,0.027885610617728932,0.00708374129051821,0.4198412224317148
2025-11-30 00:39:36.639276,61,98,0.05683910838535277,0.09296445291006135,0.6621289690959299
2025-11-30 00:44:36.639276,64,97,0.0707919884777548,0.06336128929130415,0.8747531957159496
2025-11-30 00:49:36.639276,66,96,0.08828991420530237,0.038379098104369735,1.0
2025-11-30 00:54:36.639276,57,97,0.03464224886664844,0.05290371211166647,0.8627467452618441
2025-11-30 00:59:36.639276,55,98,0.051183810105877116,0.040160357226444225,0.8492813073338766
2025-11-30 01:04:36.639276,58,96,0.05993170249577357,0.053086733331742415,0.9124920759616929
2025-11-30 01:09:36.639276,63,98,0.08111694565596739,0.043464232685203566,0.6915601361074641
2025-11-30 01:14:36.639276,61,97,0.03585952248931957,0.06777890031579935,0.5600953349233785
2025-11-30 01:19:36.639276,56,96,0.07011110912535676,0.03912886236334529,0.5044620778728137
2025-11-30 01:24:36.639276,60,96,0.02748147668119295,0.05479003785735986,0.49683519113044555
2025-11-30 01:29:36.639276,62,97,0.04770544075816199,0.07210221343852383,1.0
2025-11-30 01:34:36.639276,57,98,0.04092623479508204,0.05539480207158042,0.7811503776070494
2025-11-30 01:39:36.639276,67,96,0.009524291112994085,0.009515303893854424,0.8033825817704199
2025-11-30 01:44:36.639276,57,97,0.04092521744522744,0.041765765708876926,0.9938898026754756
2025-11-30 01:49:36.639276,58,96,0.0703478572976452,0.03340566807338674,0.7442044504795916
2025-11-30 01:54:36.639276,56,94,0.033430782250126155,0.038543433882499575,0.5645792410203581
2025-11-30 01:59:36.639276,58,98,0.0368238826659931,0.047931264938121436,1.0
2025-11-30 02:04:36.639276,55,96,0.06585379257497284,0.054018095375155895,0.9039700241072446
2025-11-30 02:09:36.639276,60,98,0.014778056831427248,0.05180298185575356,0.5756639934406348
2025-11-30 02:14:36.639276,60,96,0.0774659624913153,0.04618387285720249,0.8501225373954258
2025-11-30 02:19:36.639276,60,94,0.06998245934717555,0.042387749065765964,0.622758450059356
2025-11-30 02:24:36.639276,68,95,0.06068917325744074,0.04762837863575878,0.6455338514722647
2025-11-30 02:29:36.639276,59,97,0.05319624755469424,0.04110564349141611,0.24851795540018565
2025-11-30 02:34:36.639276,53,96,0.10624896516655087,0.02865474841019578,0.41442797507809986
2025-11-30 02:39:36.639276,62,96,0.033130046214063534,0.021611946201744156,0.39547253557746453
2025-11-30 02:44:36.639276,59,96,0.06461820298754797,0.06167427589022863,0.3920913616772988
2025-11-30 02:49:36.639276,57,94,0.05055681774139043,0.039924473320987225,1.0
2025-11-30 02:54:36.639276,77,97,0.5576535052549245,0.002781046920131411,0.1
2025-11-30 02:59:36.639276,63,97,0.06832938181107387,0.07013152254695884,0.6995389561445701
2025-11-30 03:04:36.639276,58,96,0.017955678305969374,0.05057631748716887,1.0
2025-11-30 03:09:36.639276,86,97,0.5807473849565716,0.05864335255987587,0.1
2025-11-30 03:14:36.639276,65,97,0.026159808437419007,0.035103813852828014,1.0
2025-11-30 03:19:36.639276,55,97,0.02719167302943925,-0.010246160479449927,0.5731458236479438
2025-11-30 03:24:36.639276,64,98,0.05062791454355748,0.06547256477786637,0.9859437780503005
2025-11-30 03:29:36.639276,55,96,0.055760714201915786,0.06022103507950506,0.753914035195543
2025-11-30 03:34:36.639276,59,97,0.05721673313248772,-0.0025524461195402886,0.9737196172115576
2025-11-30 03:39:36.639276,47,96,0.04437464394735782,0.03839140382214491,0.6635931928148107
2025-11-30 03:44:36.639276,65,97,0.06532643190525877,0.05851251547483574,0.6564976820957642
2025-11-30 03:49:36.639276,79,98,0.5447299413658363,0.06821142870032158,0.1
2025-11-30 03:54:36.639276,62,96,0.04419606926578007,0.046928630242592154,0.7522546182043035
2025-11-30 03:59:36.639276,54,98,0.05116428582080547,0.037759523899455846,0.4477967023321878
2025-11-30 04:04:36.639276,58,95,0.038462501682078015,0.06210664551619062,0.48987281730601384
2025-11-30 04:09:36.639276,56,97,0.0694162336113335,0.04085870481961545,0.7501432665088542
2025-11-30 04:14:36.639276,61,95,0.0277428283772841,0.05365792475106211,0.6246626370832211
2025-11-30 04:19:36.639276,65,96,0.07579618280711152,0.07274345447748591,0.8365790094139793
2025-11-30 04:24:36.639276,54,97,0.07143609037023385,0.04435341161380047,0.7662825468960801
2025-11-30 04:29:36.639276,64,98,0.04620953649574974,0.07876687032695813,0.782931782684737
2025-11-30 04:34:36.639276,64,98,0.046611438396933984,0.05241861439433354,1.0
2025-11-30 04:39:36.639276,57,98,0.05386633567854543,0.04826538704846782,0.9879604526028292
2025-11-30 04:44:36.639276,57,97,0.05345541298293725,0.05935192836822016,0.6711714405908779
2025-11-30 04:49:36.639276,53,98,0.05954716498326146,0.005270157481459254,0.8789275234117591
2025-11-30 04:54:36.639276,63,98,0.05797220285343575,0.059780215120102544,0.8109431479766691
2025-11-30 04:59:36.639276,55,97,0.046171800683750146,0.06310149325899495,1.0
2025-11-30 05:04:36.639276,51,96,0.046902029794660655,0.04040368354125855,0.8379782520717146
2025-11-30 05:09:36.639276,62,97,0.04975944082043041,0.03159236252992219,0.8737154616878121
2025-11-30 05:14:36.639276,69,95,0.08437563208882251,0.07109210785175761,0.6310420426515021
2025-11-30 05:19:36.639276,55,96,0.05169057101746597,0.03947972928065982,0.7197782989705699
2025-11-30 05:24:36.639276,57,96,0.04523779432143523,0.055158396635346024,0.9703532498412077
2025-11-30 05:29:36.639276,62,96,0.04665943632803816,0.0534135750843135,0.6797238771410484
2025-11-30 05:34:36.639276,52,97,0.032077700909297076,0.07408733289352304,0.8099533717625681
2025-11-30 05:39:36.639276,49,97,0.0496125424772723,0.0459491238044555,0.8335267637854863
2025-11-30 05:44:36.639276,67,96,0.5282540143368264,0.054072228910730775,0.1
2025-11-30 05:49:36.639276,59,97,0.06696023385653993,0.03121797343041229,0.7423314372709432
2025-11-30 05:54:36.639276,62,97,0.060378244675554645,0.05431017815546571,1.0
2025-11-30 05:59:36.639276,86,95,0.5136598878461465,0.052855103868880204,0.1
2025-11-30 06:04:36.639276,59,96,0.09491671124949459,0.0592101533078604,0.9864379006097219
2025-11-30 06:09:36.639276,50,98,0.05539649294253585,0.050339267711671735,0.37973693181083706
2025-11-30 06:14:36.639276,60,98,0.08330609322582047,0.05462002167249994,0.7424836427926823
2025-11-30 06:19:36.639276,76,97,0.5341737140793228,0.035655937410791747,0.1
2025-11-30 06:24:36.639276,59,97,0.06821770104473687,0.05890409030407645,1.0
2025-11-30 06:29:36.639276,61,97,0.08924366155889432,0.05585084560399285,0.6418194945807018
2025-11-30 06:34:36.639276,56,94,0.03461841668862936,0.023413494667684897,0.843968213736005
2025-11-30 06:39:36.639276,65,98,0.11479860551566919,0.05510121480112445,0.6866483676312458
2025-11-30 06:44:36.639276,58,97,0.031999677126323525,0.04839247901765344,1.0
2025-11-30 06:49:36.639276,61,97,0.07079087312870085,0.03003909122451679,0.7905070660551818
2025-11-30 06:54:36.639276,87,97,0.5122450151053117,0.021831843107496043,0.1
2025-11-30 06:59:36.639276,58,96,0.0527848613374209,0.05919473686235537,0.8527405466170971
2025-11-30 07:04:36.639276,71,98,0.7656087202658328,0.6780444319111602,0.0
2025-11-30 07:09:36.639276,95,97,0.5621574521888285,0.6930506797603945,0.0
2025-11-30 07:14:36.639276,68,97,-0.022558436869432028,0.281801689941254,0.0
2025-11-30 07:19:36.639276,78,97,0.9065151904601919,0.8375662500761931,0.0
2025-11-30 07:24:36.639276,84,97,0.8731992108094548,0.4785012700633071,0.0
2025-11-30 07:29:36.639276,89,96,0.46345860944417133,0.4152439083757009,0.0
2025-11-30 07:34:36.639276,87,100,0.5763021282225831,0.4454910772729602,0.0
2025-11-30 07:39:36.639276,60,98,0.43449994181430557,0.6781366724368285,0.0
2025-11-30 07:44:36.639276,91,98,0.41055443523016444,0.37353484279160293,0.0
2025-11-30 07:49:36.639276,79,98,0.6570842761801794,0.7963448237863741,0.0
2025-11-30 07:54:36.639276,73,97,0.6684906944738651,0.7931259439765562,0.0
2025-11-30 07:59:36.639276,67,96,0.6049045579898711,0.6103324035692518,0.0
2025-11-30 08:04:36.639276,80,95,0.4661663229978574,0.38334218458221775,0.0
2025-11-30 08:09:36.639276,87,98,0.4316823875354967,0.5757024196873695,0.0
2025-11-30 08:14:36.639276,85,96,0.49925616404045214,0.2590288137447103,0.0
2025-11-30 08:19:36.639276,82,99,0.4669895660458046,0.36857128879103995,0.0
2025-11-30 08:24:36.639276,74,97,0.2456883892941291,0.4722856922245041,0.0
2025-11-30 08:29:36.639276,69,99,0.4361068049818718,-0.014409525145628195,0.0
2025-11-30 08:34:36.639276,49,99,0.2615013068163295,0.6187954421678854,0.0
2025-11-30 08:39:36.639276,75,96,0.4152925924249902,0.6920166265513772,0.0
2025-11-30 08:44:36.639276,87,98,0.5919851281975934,0.8954341258204137,0.0
2025-11-30 08:49:36.639276,79,98,0.2577824188884624,0.31355076851692293,0.0
2025-11-30 08:54:36.639276,73,98,0.1300749807600679,0.48343824808525976,0.0
2025-11-30 08:59:36.639276,102,97,0.6862477010155033,0.3330022678334679,0.0
2025-11-30 09:04:36.639276,80,97,0.6430218157981945,0.4568815208805437,0.0
2025-11-30 09:09:36.639276,81,97,0.6373696658960352,0.43917088151526845,0.0
2025-11-30 09:14:36.639276,84,100,0.6166781367769828,0.3104924869357694,0.0
2025-11-30 09:19:36.639276,63,98,0.5264210526678766,0.6746582721957551,0.0
2025-11-30 09:24:36.639276,87,98,0.38532266305627216,0.5413786199243047,0.0
2025-11-30 09:29:36.639276,84,98,0.4578299852118291,0.022873372082336613,0.0
2025-11-30 09:34:36.639276,86,98,0.6543791564052347,0.6923886140617656,0.0
2025-11-30 09:39:36.639276,94,100,0.018205116914032232,0.509387000456852,0.0
2025-11-30 09:44:36.639276,80,97,0.5966967652833038,0.8650893119405084,0.0
2025-11-30 09:49:36.639276,70,96,0.5339047671373086,0.5380266464754093,0.0
2025-11-30 09:54:36.639276,65,97,0.3805491725874123,0.6209066978977633,0.0
2025-11-30 09:59:36.639276,88,95,0.6394903475659051,0.5308687862257142,0.0
2025-11-30 10:04:36.639276,71,96,0.3420400673198931,0.2745885077918289,0.0
2025-11-30 10:09:36.639276,75,97,0.22823407155242792,0.4895764730708183,0.0
2025-11-30 10:14:36.639276,85,96,0.38211599215724096,0.3992195725475628,0.0
2025-11-30 10:19:36.639276,79,99,0.5806885454506212,0.5652130910825032,0.0
2025-11-30 10:24:36.639276,74,98,0.4333688168568594,0.6004571526855532,0.0
2025-11-30 10:29:36.639276,78,97,0.024065906326094906,0.5444874693255003,0.0
2025-11-30 10:34:36.639276,74,96,0.44147150116320355,0.711317483505315,0.0
2025-11-30 10:39:36.639276,65,98,0.5634413899441383,0.4613225086082178,0.0
2025-11-30 10:44:36.639276,70,97,0.6711592434764763,0.6144916001116464,0.0
2025-11-30 10:49:36.639276,95,98,0.7433633555073415,0.7064431623507607,0.0
2025-11-30 10:54:36.639276,65,96,0.3339420014620676,0.6290524981609293,0.0
2025-11-30 10:59:36.639276,63,98,0.39832779023274606,0.4055264547409803,0.0
2025-11-30 11:04:36.639276,84,98,0.9936339351226217,0.40967919969527733,0.0
2025-11-30 11:09:36.639276,67,97,0.5887765498568551,0.30369710020730833,0.0
2025-11-30 11:14:36.639276,72,98,0.28121309823913215,0.5278290265652151,0.0
2025-11-30 11:19:36.639276,71,96,0.6705987237587179,0.5404248641399351,0.0
2025-11-30 11:24:36.639276,73,100,0.3517760629341644,0.8870566767378896,0.0
2025-11-30 11:29:36.639276,85,98,0.4955608212299794,0.776284964618211,0.0
2025-11-30 11:34:36.639276,75,97,0.5292106832961234,0.4133760909202541,0.0
2025-11-30 11:39:36.639276,98,97,0.7358010959727547,0.579451523567925,0.0
2025-11-30 11:44:36.639276,75,97,0.46231654663150723,0.19162565331892795,0.0
2025-11-30 11:49:36.639276,96,97,0.6323220384143843,0.20908719554915656,0.0
2025-11-30 11:54:36.639276,91,97,0.4896393406581163,0.802990267050558,0.0
2025-11-30 11:59:36.639276,78,99,0.4278531662066043,0.2575056753057076,0.0
2025-11-30 12:04:36.639276,85,99,0.4909079318868929,0.5047640702641423,0.0
2025-11-30 12:09:36.639276,77,97,0.6278638023075824,0.8475641710356404,0.0
2025-11-30 12:14:36.639276,74,98,0.4618580376875616,0.4836103146061755,0.0
2025-11-30 12:19:36.639276,83,98,0.9307947743994768,0.6382506278894915,0.0
2025-11-30 12:24:36.639276,94,98,0.6596991457332873,0.5774775374614209,0.0
2025-11-30 12:29:36.639276,71,98,0.7994140609636319,0.7224310194054645,0.0
2025-11-30 12:34:36.639276,79,98,0.6527305040171348,0.47647473672289986,0.0
2025-11-30 12:39:36.639276,79,98,0.7023349669864809,0.5303563271876268,0.0
2025-11-30 12:44:36.639276,73,97,0.41051941055256597,0.4729345259384715,0.0
2025-11-30 12:49:36.639276,86,99,0.44173483270256964,0.27139481497667894,0.0
2025-11-30 12:54:36.639276,77,96,0.7660715222249729,0.6373796068755786,0.0
2025-11-30 12:59:36.639276,74,98,0.2601434063533658,0.40291352946697934,0.0
2025-11-30 13:04:36.639276,92,97,0.646913852186451,0.5211689964794594,0.0
2025-11-30 13:09:36.639276,71,97,0.6411642450717788,-0.015570279445331564,0.0
2025-11-30 13:14:36.639276,93,98,0.5325394978943238,0.7488907909566312,0.0
2025-11-30 13:19:36.639276,75,97,0.3930908612604314,0.5633038836076173,0.0
2025-11-30 13:24:36.639276,68,96,0.5117742402455703,0.33895163092255437,0.0
2025-11-30 13:29:36.639276,53,97,0.3567661302589274,0.5206163671375441,0.0
2025-11-30 13:34:36.639276,65,97,0.7019391518801009,0.5520479791932916,0.0
2025-11-30 13:39:36.639276,81,97,0.39220112484876174,0.7284838159787572,0.0
2025-11-30 13:44:36.639276,75,98,0.2575880296484232,0.709975734523996,0.0
2025-11-30 13:49:36.639276,72,97,0.26237527264233035,0.3675775644738066,0.0
2025-11-30 13:54:36.639276,49,98,0.7643701958805315,0.3688856456667121,0.0
2025-11-30 13:59:36.639276,82,97,0.5122376935926319,0.5650587961036778,0.0
2025-11-30 14:04:36.639276,75,98,0.4883156489999789,0.4912064943398755,0.0
2025-11-30 14:09:36.639276,83,96,0.1628430855671654,0.3635331986525758,0.0
2025-11-30 14:14:36.639276,67,98,0.12489013696176927,0.06450928819658672,0.0
2025-11-30 14:19:36.639276,51,98,0.1186700232620557,0.35380985037590656,0.0
2025-11-30 14:24:36.639276,77,97,0.3504883329557993,0.605557747567433,0.0
2025-11-30 14:29:36.639276,86,96,0.38243495516135173,1.0616001646157789,0.0
2025-11-30 14:34:36.639276,86,96,0.449972750014359,0.9001334520717051,0.0
2025-11-30 14:39:36.639276,81,97,0.29533042347371957,0.41472762181564626,0.0
2025-11-30 14:44:36.639276,87,98,0.6086372741753102,0.638233981490161,0.0
2025-11-30 14:49:36.639276,81,98,0.5778446276285624,0.3951402607072473,0.0
2025-11-30 14:54:36.639276,68,96,0.7401433186084853,0.3007821509053601,0.0
2025-11-30 14:59:36.639276,67,99,0.3316576918588516,0.30560343135116064,0.0
2025-11-30 15:04:36.639276,68,97,0.7237524717211301,0.5638934145218331,0.0
2025-11-30 15:09:36.639276,80,98,0.7273637732270704,0.36785859168852497,0.0
2025-11-30 15:14:36.639276,81,96,0.6015276174327158,0.30932133182019117,0.0
2025-11-30 15:19:36.639276,102,99,0.5450713915895109,0.48762007969390786,0.0
2025-11-30 15:24:36.639276,78,98,0.5656933947232256,0.3794181764089138,0.0
2025-11-30 15:29:36.639276,86,98,0.5373859728121336,0.32342050184644106,0.0
2025-11-30 15:34:36.639276,63,97,0.33638912229009266,0.35139655013757964,0.0
2025-11-30 15:39:36.639276,83,95,0.7465170218395479,0.28270805411689925,0.0
2025-11-30 15:44:36.639276,81,99,0.731503707305761,0.7651251507777151,0.0
2025-11-30 15:49:36.639276,87,98,-0.22278957042575134,0.2109698717196108,0.0
2025-11-30 15:54:36.639276,79,100,0.1778803009645604,0.13999888497250887,0.0
2025-11-30 15:59:36.639276,72,99,0.49182528166374595,0.43195239895368515,0.0
2025-11-30 16:04:36.639276,86,98,0.43865699704785815,0.4909683237875712,0.0
2025-11-30 16:09:36.639276,102,96,0.19200011231093905,0.739839587590448,0.0
2025-11-30 16:14:36.639276,89,98,0.48840014003086685,0.06067618800388963,0.0
2025-11-30 16:19:36.639276,58,97,0.5268502826962607,0.43882638734015356,0.0
2025-11-30 16:24:36.639276,70,96,0.42585964261065257,0.7304912244493064,0.0
2025-11-30 16:29:36.639276,51,100,0.5844077974468146,0.5686128305831075,0.0
2025-11-30 16:34:36.639276,79,99,0.32668743753759755,0.6948128462261006,0.0
2025-11-30 16:39:36.639276,73,97,0.4496311035496628,1.0243865334867543,0.0
2025-11-30 16:44:36.639276,65,98,0.5956839453964249,0.618859329851628,0.0
2025-11-30 16:49:36.639276,87,97,0.3285296170557824,0.4823187759414172,0.0
2025-11-30 16:54:36.639276,59,98,0.5250364568134056,0.3481100076676519,0.0
2025-11-30 16:59:36.639276,78,97,1.1536232298854003,0.4677696558790274,0.0
2025-11-30 17:04:36.639276,102,97,0.24377496889323552,0.5798916907453342,0.0
2025-11-30 17:09:36.639276,91,100,0.9121956198141797,0.6013031593356877,0.0
2025-11-30 17:14:36.639276,90,96,0.334848784104088,0.5789385483184464,0.0
2025-11-30 17:19:36.639276,91,97,0.4607008053637352,0.3536056245751371,0.0
2025-11-30 17:24:36.639276,68,97,0.26496724014885287,0.3960800819194966,0.0
2025-11-30 17:29:36.639276,67,97,-0.033926488278265526,0.6666756756652528,0.0
2025-11-30 17:34:36.639276,87,98,0.18806129035894256,0.32718854451049434,0.0
2025-11-30 17:39:36.639276,72,96,0.4758055880520879,0.27497775395975804,0.0
2025-11-30 17:44:36.639276,82,99,0.45972836530592515,0.3868716731851662,0.0
2025-11-30 17:49:36.639276,68,97,0.5033787041789279,0.19351653375609398,0.0
2025-11-30 17:54:36.639276,74,97,0.6468847675287536,0.3231660729689048,0.0
2025-11-30 17:59:36.639276,76,96,0.3590138982137247,0.47954704585791486,0.0
2025-11-30 18:04:36.639276,80,98,0.7448734179722002,0.6663198413754697,0.0
2025-11-30 18:09:36.639276,72,97,0.14831439303472516,0.2624038619822116,0.0
2025-11-30 18:14:36.639276,71,97,0.3615638408056914,0.0933087723401975,0.0
2025-11-30 18:19:36.639276,70,97,0.3250390865360178,0.7118229318691078,0.0
2025-11-30 18:24:36.639276,92,95,0.4370647738835929,0.2598869719757076,0.0
2025-11-30 18:29:36.639276,81,97,0.05109212465541881,0.5566368213339273,0.0
2025-11-30 18:34:36.639276,68,97,0.08252832234806788,0.5713844955996695,0.0
2025-11-30 18:39:36.639276,62,97,0.4698214246755488,0.6125843081170872,0.0
2025-11-30 18:44:36.639276,71,98,0.16874485224528957,0.5214375469444346,0.0
2025-11-30 18:49:36.639276,86,99,0.017626278552909342,0.82420344012146,0.0
2025-11-30 18:54:36.639276,77,98,0.4255727116133755,0.30196930949806927,0.0
2025-11-30 18:59:36.639276,74,98,0.22265321045156236,0.8084164515890827,0.0
2025-11-30 19:04:36.639276,81,97,0.592984496137876,0.3950167342396078,0.0
2025-11-30 19:09:36.639276,81,98,0.2859483206914435,0.2200420555140248,0.0
2025-11-30 19:14:36.639276,88,97,0.5250641008753508,0.8691370574222637,0.0
2025-11-30 19:19:36.639276,82,97,0.41623120865379964,0.888924651744749,0.0
2025-11-30 19:24:36.639276,88,98,0.2726446051063514,0.6586579732721177,0.0
2025-11-30 19:29:36.639276,79,96,0.4818327253284001,0.5467420216563661,0.0
2025-11-30 19:34:36.639276,81,99,0.5501653851749699,0.6428487434120228,0.0
2025-11-30 19:39:36.639276,70,100,0.5721980297619769,0.5704698188472839,0.0
2025-11-30 19:44:36.639276,81,98,0.5543674805032941,0.2685022253786108,0.0
2025-11-30 19:49:36.639276,93,99,0.492919674700733,0.6654146784328088,0.0
2025-11-30 19:54:36.639276,79,98,0.3046798176832178,0.948672719640697,0.0
2025-11-30 19:59:36.639276,64,97,0.4317395469598838,0.5862034918039448,0.0
2025-11-30 20:04:36.639276,83,98,0.20187534916206087,0.6867803284937303,0.0
2025-11-30 20:09:36.639276,68,98,0.5361724482175618,0.3320756544262649,0.0
2025-11-30 20:14:36.639276,92,97,0.7568345508751257,0.3088107795081078,0.0
2025-11-30 20:19:36.639276,84,98,0.49591800329239305,0.3047172443643745,0.0
2025-11-30 20:24:36.639276,78,96,0.7121483755179755,0.46661306997591434,0.0
2025-11-30 20:29:36.639276,89,100,0.40860657425156816,0.759652502487186,0.0
2025-11-30 20:34:36.639276,84,99,0.3829870470862414,0.3870038743606411,0.0
2025-11-30 20:39:36.639276,84,97,0.6031890718161765,0.24791157456885313,0.0
2025-11-30 20:44:36.639276,80,97,0.7138792741291966,0.2039071115953376,0.0
2025-11-30 20:49:36.639276,78,98,0.6355744692880672,0.45128341832562546,0.0
2025-11-30 20:54:36.639276,83,99,0.3867281981221815,0.14339730705738102,0.0
2025-11-30 20:59:36.639276,80,97,0.7807307030061874,0.3780310515452672,0.0
2025-11-30 21:04:36.639276,88,98,0.2833890300236282,0.32805364239888496,0.0
2025-11-30 21:09:36.639276,87,98,0.6206856896445541,0.5261155491014761,0.0
2025-11-30 21:14:36.639276,99,97,0.5002113382591987,0.8174429288972292,0.0
2025-11-30 21:19:36.639276,85,97,0.5719655003935543,0.3619904909135328,0.0
2025-11-30 21:24:36.639276,67,96,0.6780134236978697,0.42246683381987904,0.0
2025-11-30 21:29:36.639276,70,97,0.9411519890711683,0.5016054889351622,0.0
2025-11-30 21:34:36.639276,102,99,0.6593703853434852,0.3028998979449386,0.0
2025-11-30 21:39:36.639276,66,97,0.695664453504197,0.6338110630352396,0.0
2025-11-30 21:44:36.639276,80,97,0.3583838353250092,0.7235840342808233,0.0
2025-11-30 21:49:36.639276,83,98,0.23905448929811748,0.2785927418928314,0.0
2025-11-30 21:54:36.639276,69,95,0.7987736704563585,0.9770232498537103,0.0
2025-11-30 21:59:36.639276,70,98,0.5627496718958586,0.5032618587944788,0.0
2025-11-30 22:04:36.639276,66,97,0.696420892603483,0.3459326045225309,0.0
2025-11-30 22:09:36.639276,68,96,0.3317452152622478,0.7858693180419094,0.0
2025-11-30 22:14:36.639276,88,98,0.4800751014813073,0.4468685121475262,0.0
2025-11-30 22:19:36.639276,91,97,0.24537064610170142,0.5500020328148995,0.0
2025-11-30 22:24:36.639276,84,99,0.6462013191636699,0.3183581634259978,0.0
2025-11-30 22:29:36.639276,79,99,0.44708823630495725,0.3194634297953366,0.0
2025-11-30 22:34:36.639276,75,99,0.5381715863575587,0.5023379029583879,0.0
2025-11-30 22:39:36.639276,86,98,0.2617697703139027,0.5920132162346021,0.0
2025-11-30 22:44:36.639276,73,98,0.5363170946676704,0.5656165396377203,0.0
2025-11-30 22:49:36.639276,71,98,0.7484137493412284,0.4267012541925105,0.0
2025-11-30 22:54:36.639276,64,99,0.43156743404150905,0.6916415829157084,0.0
2025-11-30 22:59:36.639276,75,96,0.6338960077800808,0.6456538000434429,0.0
2025-11-30 23:04:36.639276,59,96,0.07261964662475948,0.030436261349176482,0.8339893501210994
2025-11-30 23:09:36.639276,80,94,0.5294867282109381,0.05654889560477394,0.1
2025-11-30 23:14:36.639276,71,97,0.06145763652068797,0.05996762928539362,0.569101858142388
2025-11-30 23:19:36.639276,67,97,0.09104099898402854,0.06709602219414824,1.0
2025-11-30 23:24:36.639276,52,98,0.07109391498755141,0.0756146160752165,1.0
2025-11-30 23:29:36.639276,54,98,0.048338417494652064,0.0525473868522504,0.6997017832076362
2025-11-30 23:34:36.639276,60,96,0.01771425546550012,0.026123076003936544,0.959364278435245
2025-11-30 23:39:36.639276,68,96,0.07826471535740173,0.060824487974958895,0.357712534232666
2025-11-30 23:44:36.639276,59,97,0.042973880436200255,0.03296369282430635,0.8104352532871292
2025-11-30 23:49:36.639276,56,95,0.027483151813046145,0.04421597555541666,1.0
2025-11-30 23:54:36.639276,64,96,0.0507293159322988,0.0339298741556934,0.9679557797472109
2025-11-30 23:59:36.639276,65,96,0.03798328499121363,0.05006575041511342,0.3825438145982095
2025-12-01 00:04:36.639276,64,97,0.03558293015074698,0.04999359851214443,0.7852633116925768
2025-12-01 00:09:36.639276,67,97,0.05661146698577082,0.01960758744014142,0.9601097448444034
2025-12-01 00:14:36.639276,63,96,0.07993730229868601,0.03599529047369277,0.7508527165453441
2025-12-01 00:19:36.639276,64,98,0.06654007189374317,0.025333997789872477,0.899243948990811
2025-12-01 00:24:36.639276,63,95,0.019725220214092072,0.07717809269379856,0.8008030118513536
2025-12-01 00:29:36.639276,53,97,0.05965579304688067,0.04660829732935697,0.8253104847277322
2025-12-01 00:34:36.639276,57,96,0.0544148870505136,0.02906645080014247,0.968634769854248
2025-12-01 00:39:36.639276,62,98,0.06576699892457401,0.05624006333026018,1.0
2025-12-01 00:44:36.639276,60,96,0.005177015791319476,0.05215350267299872,1.0
2025-12-01 00:49:36.639276,58,96,0.04011568740984551,0.060282118692139126,1.0
2025-12-01 00:54:36.639276,62,97,0.0634488553026208,0.03377411300520858,0.5995799721604994
2025-12-01 00:59:36.639276,61,97,0.036012610268703685,0.07014352966467173,0.6560297655949936
2025-12-01 01:04:36.639276,58,96,0.05499760565446113,0.03901633231338977,0.7853332286318269
2025-12-01 01:09:36.639276,55,96,0.04880788487067245,0.04809647814150569,0.9656298504743812
2025-12-01 01:14:36.639276,60,95,0.058119197143646065,0.04948523914863293,0.45260716889862873
2025-12-01 01:19:36.639276,62,96,0.06634720860331092,0.021819657417919646,0.6762493936328777
2025-12-01 01:24:36.639276,57,96,0.02950698031644734,0.06994591748253506,0.5319129328779055
2025-12-01 01:29:36.639276,63,97,0.07910972158324818,0.06443569701455305,1.0
2025-12-01 01:34:36.639276,57,95,0.01666056087702608,0.04770972761011825,0.8444880484265813
2025-12-01 01:39:36.639276,63,96,0.051489284242457724,0.07271357865199288,0.9056886769390975
2025-12-01 01:44:36.639276,51,96,0.027744541928867023,0.044100553202870395,0.7295021384645949
2025-12-01 01:49:36.639276,60,95,0.04827802143348197,0.007974532995409957,0.3787737266642475
2025-12-01 01:54:36.639276,57,96,0.029575210006817836,0.051939524566466125,0.9690338328729705
2025-12-01 01:59:36.639276,64,99,0.012657641713168084,0.05249747706811069,0.6851774992644203
2025-12-01 02:04:36.639276,68,98,0.031975984677622596,0.05565670063910708,0.9202598289440674
2025-12-01 02:09:36.639276,58,97,0.05304983829080132,0.027746351393439467,0.9334535289982614
2025-12-01 02:14:36.639276,64,97,0.043343456777206975,0.047832652634652584,0.7911174933406876
2025-12-01 02:19:36.639276,54,99,0.06840971444293735,0.05417352648463314,0.9048630686760087
2025-12-01 02:24:36.639276,60,96,0.04645875117384295,0.04682818117326596,0.8559838472370939
2025-12-01 02:29:36.639276,55,96,0.043805303345109,0.042849408880262126,0.7676047998178634
2025-12-01 02:34:36.639276,54,97,0.0698348841175146,0.06403792578510108,0.7367857556444162
2025-12-01 02:39:36.639276,68,96,0.042093249884223645,0.048928536936714236,0.9275005107494674
2025-12-01 02:44:36.639276,61,97,0.05886681593874978,0.06396352056061515,0.9702432438917883
2025-12-01 02:49:36.639276,59,98,0.044393370437386184,0.05527353335249539,0.6446484129175372
2025-12-01 02:54:36.639276,79,96,0.5513293221425158,0.05773139492766394,0.1
2025-12-01 02:59:36.639276,80,96,0.5621484870963518,0.020442757060276675,0.1
2025-12-01 03:04:36.639276,67,97,0.07697440476385695,0.06751706475643371,0.8842072377250885
2025-12-01 03:09:36.639276,59,98,0.06062495929762676,0.05805282407462981,1.0
2025-12-01 03:14:36.639276,50,96,0.009872967569986698,0.06466043338608649,0.7333494193235527
2025-12-01 03:19:36.639276,63,96,0.06453063474164211,0.05031926275712744,0.8106769992063316
2025-12-01 03:24:36.639276,65,97,0.044973741971539284,0.0535072443673533,0.940030392777794
2025-12-01 03:29:36.639276,56,95,0.03862054204424676,0.06310657937592053,0.7364095353992541
2025-12-01 03:34:36.639276,63,97,0.03190794938052405,0.02380533703276825,0.5112356529545719
2025-12-01 03:39:36.639276,66,95,0.053467759736915456,0.020420317554526377,1.0
2025-12-01 03:44:36.639276,67,97,0.06391855356687412,0.011317494672639651,0.5246012379938072
2025-12-01 03:49:36.639276,60,94,0.0620163807017434,0.03236490218214724,0.8466421313879268
2025-12-01 03:54:36.639276,67,97,0.050227856385975676,0.05122712978968756,0.32028452914948596
2025-12-01 03:59:36.639276,61,96,0.032154066289559614,-0.004205731753967992,0.5891505563809715
2025-12-01 04:04:36.639276,61,96,0.0636303423517972,0.06120706876427414,0.4697812805647064
2025-12-01 04:09:36.639276,53,97,0.025032325876745934,0.024512782866943014,1.0
2025-12-01 04:14:36.639276,68,97,0.04585219242085101,0.030273927871357104,0.9373168705177536
2025-12-01 04:19:36.639276,63,97,0.04063072930391005,0.058559132698550134,0.950814039701468
2025-12-01 04:24:36.639276,52,97,0.06574825249084314,0.031024065781264137,0.41088025957719765
2025-12-01 04:29:36.639276,56,96,0.0709404040017598,0.05045132873727157,0.8896461833939237
2025-12-01 04:34:36.639276,50,96,0.06121896926284942,0.07161389855443044,0.7820389682146224
2025-12-01 04:39:36.639276,58,98,0.038316143291008437,0.08398978991219376,0.8785150590273569
2025-12-01 04:44:36.639276,57,96,0.016637025011466636,0.07514325195944933,0.723050877363806
2025-12-01 04:49:36.639276,57,97,0.07755778417024542,0.06467602726834987,0.6877133778729042
2025-12-01 04:54:36.639276,54,97,0.06400073602084669,0.05522740895366515,0.4572365815160374
2025-12-01 04:59:36.639276,60,96,0.0631612094852968,0.014629915071329129,1.0
2025-12-01 05:04:36.639276,56,97,0.03632597638441192,0.035233938858766474,0.7443761685988545
2025-12-01 05:09:36.639276,63,96,0.037279127031373996,0.08936670759571978,0.6091978718625405
2025-12-01 05:14:36.639276,57,97,0.08016172460085566,0.05384489719123335,0.632412862361691
2025-12-01 05:19:36.639276,57,99,0.05022417774676945,0.04456560588720307,0.8272339706133112
2025-12-01 05:24:36.639276,56,94,0.07141167826406167,0.03313536972065459,0.8984279403302188
2025-12-01 05:29:36.639276,59,97,0.05580103523795263,0.07251737189975456,1.0
2025-12-01 05:34:36.639276,66,95,0.045936545873463144,0.04974649402516325,0.3458712744846552
2025-12-01 05:39:36.639276,66,96,0.061682989929198614,0.07628928033955014,0.5498479983176116
2025-12-01 05:44:36.639276,55,96,0.07794528598312696,0.05075631082539879,0.41564559693089637
2025-12-01 05:49:36.639276,60,96,0.03804176101520585,0.022368360414770028,0.8903107025233822
2025-12-01 05:54:36.639276,57,96,0.026783291179758563,0.04327002388006795,0.9115908544561759
2025-12-01 05:59:36.639276,48,97,0.03950171592063657,0.06319599155709654,0.950465142598773
2025-12-01 06:04:36.639276,56,97,0.03797339364178283,0.030115914801725985,0.5271187185269444
2025-12-01 06:09:36.639276,66,96,0.05118020829270396,0.06067433701457601,0.6269592724060142
2025-12-01 06:14:36.639276,50,98,0.053077152130338756,0.04702100274519803,1.0
2025-12-01 06:19:36.639276,61,97,0.06778686897838714,0.05744725014143828,0.9837977511762834
2025-12-01 06:24:36.639276,64,97,0.04206395490678203,0.04528209704635371,0.5699130647347043
2025-12-01 06:29:36.639276,50,97,0.05805049421112499,0.06191313285101748,1.0
2025-12-01 06:34:36.639276,64,95,0.04549107225006613,0.059995550996397064,1.0
2025-12-01 06:39:36.639276,59,95,0.0571847452207304,0.030320506731505954,0.8819531677122966
2025-12-01 06:44:36.639276,53,97,0.06220967076811895,0.05502417765499682,1.0
2025-12-01 06:49:36.639276,59,95,0.07035419806213616,0.017505229428784966,0.9360953416266281
2025-12-01 06:54:36.639276,57,98,0.03468526593443236,0.07942506688546927,0.9867038190490449
2025-12-01 06:59:36.639276,55,97,0.030144621861085116,0.04431186275558299,0.719407680913561
2025-12-01 07:04:36.639276,77,97,0.6404113183874423,0.6565704616592885,0.0
2025-12-01 07:09:36.639276,66,98,0.6346226724499213,0.5936032480155021,0.0
2025-12-01 07:14:36.639276,69,97,0.2837887951928962,0.3649419636922224,0.0
2025-12-01 07:19:36.639276,86,97,0.40813446256251373,-0.1076660200921704,0.0
2025-12-01 07:24:36.639276,59,96,0.1960077742265167,0.5025616625110296,0.0
2025-12-01 07:29:36.639276,61,98,0.9508567087919115,0.547602940929257,0.0
2025-12-01 07:34:36.639276,79,99,0.7527892383684119,0.026648284998463164,0.0
2025-12-01 07:39:36.639276,72,96,0.6493093346664216,0.29699843377935536,0.0
2025-12-01 07:44:36.639276,82,97,0.29284231634336116,0.5059165987611358,0.0
2025-12-01 07:49:36.639276,76,98,0.4897475121218158,0.6715669265454691,0.0
2025-12-01 07:54:36.639276,83,98,0.43089473537348505,0.3165438180093958,0.0
2025-12-01 07:59:36.639276,71,97,0.6901761456180845,0.39839219736393094,0.0
2025-12-01 08:04:36.639276,81,97,0.5869878018968856,0.49060657017517617,0.0
2025-12-01 08:09:36.639276,85,98,0.5171472500344847,0.4816762860647437,0.0
2025-12-01 08:14:36.639276,66,97,0.26056289203493144,0.8388591570940334,0.0
2025-12-01 08:19:36.639276,79,98,0.3330684852553547,0.5693527610127458,0.0
2025-12-01 08:24:36.639276,88,98,0.21960393198092024,0.4115763001997244,0.0
2025-12-01 08:29:36.639276,75,95,0.6405775960208706,0.2923992283106654,0.0
2025-12-01 08:34:36.639276,87,97,0.8601025032759699,0.46480009948554485,0.0
2025-12-01 08:39:36.639276,90,99,0.33949545400329845,0.5791722532159975,0.0
2025-12-01 08:44:36.639276,73,97,0.4618046094828376,0.3773956127705434,0.0
2025-12-01 08:49:36.639276,84,98,0.6319210242352948,0.1980304086283015,0.0
2025-12-01 08:54:36.639276,80,97,0.7797685100032018,0.5968018965605674,0.0
2025-12-01 08:59:36.639276,64,98,0.5614248293860662,0.19988192383391173,0.0
2025-12-01 09:04:36.639276,96,97,0.682331269237669,0.5503651392717969,0.0
2025-12-01 09:09:36.639276,68,99,0.9322478101287985,0.4147291282636988,0.0
2025-12-01 09:14:36.639276,87,98,-0.006988141725354897,0.6034574331987091,0.0
2025-12-01 09:19:36.639276,72,98,0.7719501678406168,0.5593179126420836,0.0
2025-12-01 09:24:36.639276,89,97,0.3480246797465273,0.48332069125483357,0.0
2025-12-01 09:29:36.639276,83,96,0.3194924415544898,0.5168223808118988,0.0
2025-12-01 09:34:36.639276,70,99,0.2885090395799537,0.20314210729121485,0.0
2025-12-01 09:39:36.639276,94,99,0.6644345340301625,0.6408320146620776,0.0
2025-12-01 09:44:36.639276,50,98,0.3074470085160948,0.5950461044711792,0.0
2025-12-01 09:49:36.639276,79,100,0.5696602138956249,0.5269089354331435,0.0
2025-12-01 09:54:36.639276,108,99,0.5766165185202453,0.5852668902987788,0.0
2025-12-01 09:59:36.639276,79,97,0.629180328943234,0.5897342280805672,0.0
2025-12-01 10:04:36.639276,75,98,0.5639487591886871,0.6171470605896756,0.0
2025-12-01 10:09:36.639276,69,98,0.5429115170813507,0.44888805224922756,0.0
2025-12-01 10:14:36.639276,63,98,0.7854573257180331,0.6118857968724817,0.0
2025-12-01 10:19:36.639276,83,96,0.8127460594245499,0.5276785094654487,0.0
2025-12-01 10:24:36.639276,81,94,0.6052953229510776,0.23703563043251477,0.0
2025-12-01 10:29:36.639276,83,97,0.4045325631620778,0.5752903295192493,0.0
2025-12-01 10:34:36.639276,88,97,0.593404915532866,0.4810645383302051,0.0
2025-12-01 10:39:36.639276,70,99,0.6350730822234808,0.25585125208993326,0.0
2025-12-01 10:44:36.639276,86,97,0.12781844324624195,0.5843945842723077,0.0
2025-12-01 10:49:36.639276,90,97,0.13506204409497655,0.5062293288812015,0.0
2025-12-01 10:54:36.639276,69,97,0.7294778589621579,0.49550029216882346,0.0
2025-12-01 10:59:36.639276,88,98,0.561658790835265,0.4823296128792526,0.0
2025-12-01 11:04:36.639276,81,98,0.5293808788224141,0.4853780565748775,0.0
2025-12-01 11:09:36.639276,75,97,0.5325923859245122,0.28318609378602533,0.0
2025-12-01 11:14:36.639276,81,98,0.57942605863761,0.6555097084208173,0.0
2025-12-01 11:19:36.639276,100,98,0.3328703405583398,0.6732552158586987,0.0
2025-12-01 11:24:36.639276,63,99,0.34452890688360416,0.7034666464107243,0.0
2025-12-01 11:29:36.639276,71,98,0.37789205608783105,0.19627206629577038,0.0
2025-12-01 11:34:36.639276,68,95,0.6392639632435511,0.7274856875598197,0.0
2025-12-01 11:39:36.639276,90,98,0.5875035818781856,0.1584455003003712,0.0
2025-12-01 11:44:36.639276,92,97,0.6104001323342386,0.9597161846244857,0.0
2025-12-01 11:49:36.639276,70,97,0.4542163664112534,0.5369282442283856,0.0
2025-12-01 11:54:36.639276,84,97,0.6736985162471437,0.4275918647235349,0.0
2025-12-01 11:59:36.639276,63,96,0.5474318295253354,0.2952350303704865,0.0
2025-12-01 12:04:36.639276,79,98,0.582878425943677,0.5508164619017433,0.0
2025-12-01 12:09:36.639276,75,99,0.6139497153831658,0.34620598059859037,0.0
2025-12-01 12:14:36.639276,69,100,0.7211599547080396,0.3085794211469513,0.0
2025-12-01 12:19:36.639276,74,99,0.20202207543603298,0.2034809538502376,0.0
2025-12-01 12:24:36.639276,73,97,0.16401893613574056,0.7510004697005904,0.0
2025-12-01 12:29:36.639276,108,98,0.5674404803966515,0.7863700426931644,0.0
2025-12-01 12:34:36.639276,64,97,0.49249231706447777,0.24183750115782535,0.0
2025-12-01 12:39:36.639276,69,97,0.3139355942956097,0.6026610269258144,0.0
2025-12-01 12:44:36.639276,77,97,0.2311093287505359,0.4942563187152642,0.0
2025-12-01 12:49:36.639276,81,99,0.46693215492706114,0.142851585404843,0.0
2025-12-01 12:54:36.639276,74,97,0.436698542440842,0.7648086015534116,0.0
2025-12-01 12:59:36.639276,62,98,0.5982527174325027,0.46390610473561184,0.0
2025-12-01 13:04:36.639276,69,96,0.37574493206823223,-0.037218077355008934,0.0
2025-12-01 13:09:36.639276,85,95,0.3977418998801197,0.4107865809113035,0.0
2025-12-01 13:14:36.639276,90,95,0.20257783470987104,0.6454620943804543,0.0
2025-12-01 13:19:36.639276,76,99,0.06840620321454434,0.18992449241848244,0.0
2025-12-01 13:24:36.639276,93,98,0.23194644623257477,0.8666468799988849,0.0
2025-12-01 13:29:36.639276,65,97,0.275066757367146,0.5531731148435474,0.0
2025-12-01 13:34:36.639276,62,97,0.35673379256302457,0.7215095937927943,0.0
2025-12-01 13:39:36.639276,77,99,0.4530515076165059,0.6872300445550142,0.0
2025-12-01 13:44:36.639276,71,97,0.3966851834487723,0.46579324889452883,0.0
2025-12-01 13:49:36.639276,74,98,0.1889583761387508,0.6202529952958832,0.0
2025-12-01 13:54:36.639276,83,98,0.7135371806339493,0.24838602029841306,0.0
2025-12-01 13:59:36.639276,88,97,0.3483536418643419,0.16679943736237887,0.0
2025-12-01 14:04:36.639276,94,96,0.9882058446460233,0.26174762817078506,0.0
2025-12-01 14:09:36.639276,81,97,0.4651322597318247,0.431047413844971,0.0
2025-12-01 14:14:36.639276,78,99,0.6292097110130989,0.6518304709922544,0.0
2025-12-01 14:19:36.639276,74,98,0.11547465187447574,0.6196948025060438,0.0
2025-12-01 14:24:36.639276,71,97,0.13765401466472438,0.8702898682303689,0.0
2025-12-01 14:29:36.639276,78,98,0.7663123039024425,0.6313443150295861,0.0
2025-12-01 14:34:36.639276,69,95,0.5869835351391781,0.7142278700930116,0.0
2025-12-01 14:39:36.639276,88,97,0.2884699643287177,0.7083103719367587,0.0
2025-12-01 14:44:36.639276,71,99,0.4802816031607013,0.45105941793221216,0.0
2025-12-01 14:49:36.639276,84,98,0.6057683651023319,0.5993076178806175,0.0
2025-12-01 14:54:36.639276,102,98,0.13159165699194617,0.5635721141580492,0.0
2025-12-01 14:59:36.639276,90,97,0.6117728697793077,0.9124858981872846,0.0
2025-12-01 15:04:36.639276,80,97,0.7391142015807092,0.515059365390592,0.0
2025-12-01 15:09:36.639276,66,98,0.29332128738471414,0.5913817652654367,0.0
2025-12-01 15:14:36.639276,79,100,0.6749890129655092,0.6205807567358117,0.0
2025-12-01 15:19:36.639276,93,98,0.2320512816646139,0.4125590151064659,0.0
2025-12-01 15:24:36.639276,89,98,0.3127399972398888,0.4568794282889358,0.0
2025-12-01 15:29:36.639276,84,99,0.40156961815777437,0.5571551073370443,0.0
2025-12-01 15:34:36.639276,84,97,0.7347759163071431,0.4705557288212121,0.0
2025-12-01 15:39:36.639276,69,98,0.36778219446972804,0.35901723943777974,0.0
2025-12-01 15:44:36.639276,78,98,0.5642240666978496,0.5826705085122336,0.0
2025-12-01 15:49:36.639276,81,97,0.5272730123739883,0.48306084342648486,0.0
2025-12-01 15:54:36.639276,49,98,0.5960003832919425,0.3098181220196928,0.0
2025-12-01 15:59:36.639276,72,97,0.6254138843656385,0.5048908811255258,0.0
2025-12-01 16:04:36.639276,73,98,0.2899831051920469,0.7173113053451112,0.0
2025-12-01 16:09:36.639276,71,99,0.4811280817831993,0.8149954248778234,0.0
2025-12-01 16:14:36.639276,86,96,0.17414956256916467,0.3644297481987052,0.0
2025-12-01 16:19:36.639276,85,97,0.62065759145956,-0.056662426898985915,0.0
2025-12-01 16:24:36.639276,86,98,0.6519496406923052,0.5047230546612367,0.0
2025-12-01 16:29:36.639276,95,98,0.3122814941040272,0.3241291351131754,0.0
2025-12-01 16:34:36.639276,75,100,0.2743524960485518,0.5154691663493425,0.0
2025-12-01 16:39:36.639276,81,98,0.2697092285053289,0.6304568131506747,0.0
2025-12-01 16:44:36.639276,72,98,0.6086604996754547,1.0116124289287616,0.0
2025-12-01 16:49:36.639276,101,98,0.6675507424339859,0.3977578127642863,0.0
2025-12-01 16:54:36.639276,88,97,0.3320466387277306,0.32029970512093425,0.0
2025-12-01 16:59:36.639276,63,97,0.2402581024049983,0.47229465888687927,0.0
2025-12-01 17:04:36.639276,80,98,0.5445509839672262,0.3567064369080061,0.0
2025-12-01 17:09:36.639276,87,98,0.4256150923822348,0.2253228234514365,0.0
2025-12-01 17:14:36.639276,79,96,0.659263068480916,0.590269319168974,0.0
2025-12-01 17:19:36.639276,84,97,0.43157906102512184,0.6397402161811806,0.0
2025-12-01 17:24:36.639276,73,96,0.6839771236527178,0.6080960634641631,0.0
2025-12-01 17:29:36.639276,82,98,0.36298049098091556,0.02807102826563887,0.0
2025-12-01 17:34:36.639276,86,98,0.4750764502089663,0.657163561500794,0.0
2025-12-01 17:39:36.639276,76,97,0.5278596533153995,0.15801346759843446,0.0
2025-12-01 17:44:36.639276,84,99,0.3259396579600703,1.0292465633432482,0.0
2025-12-01 17:49:36.639276,87,97,0.8360721927407831,0.2835869473084742,0.0
2025-12-01 17:54:36.639276,82,95,0.4158338636799592,0.35470714686449534,0.0
2025-12-01 17:59:36.639276,72,97,0.44773547526818336,0.6081699760987667,0.0
2025-12-01 18:04:36.639276,80,98,0.8926378353089868,0.4792055086292881,0.0
2025-12-01 18:09:36.639276,71,97,0.7224183718720861,0.5611105025362473,0.0
2025-12-01 18:14:36.639276,103,98,0.12822156002235466,0.685022192693053,0.0
2025-12-01 18:19:36.639276,93,98,0.48429137860358806,0.40352651421963015,0.0
2025-12-01 18:24:36.639276,79,95,0.5694782673906842,0.6423407229106365,0.0
2025-12-01 18:29:36.639276,84,99,0.6864028235372267,0.46081000776171765,0.0
2025-12-01 18:34:36.639276,83,97,0.41950144168753506,0.38333629859205237,0.0
2025-12-01 18:39:36.639276,85,98,0.30411280021931447,0.1398326116721362,0.0
2025-12-01 18:44:36.639276,76,98,0.43678046046055397,0.23289332631695656,0.0
2025-12-01 18:49:36.639276,85,96,0.4750152725640029,0.5148410940953991,0.0
2025-12-01 18:54:36.639276,84,98,0.6570163635180869,0.502410045753235,0.0
2025-12-01 18:59:36.639276,68,97,0.5786070509503708,0.20701277960306802,0.0
2025-12-01 19:04:36.639276,96,98,0.5554774262218866,0.2537391262483501,0.0
2025-12-01 19:09:36.639276,82,98,0.38908919072168263,0.20131630620722343,0.0
2025-12-01 19:14:36.639276,102,95,0.5893643488350127,0.4268962956557027,0.0
2025-12-01 19:19:36.639276,66,98,0.5484607899944753,0.4407032472323357,0.0
2025-12-01 19:24:36.639276,87,97,0.12352322645293479,0.3873707183059149,0.0
2025-12-01 19:29:36.639276,68,100,0.7603105724206641,0.469395592271049,0.0
2025-12-01 19:34:36.639276,92,98,0.408335221242193,0.3214080944503873,0.0
2025-12-01 19:39:36.639276,88,98,0.5528151291636023,0.19398514333426203,0.0
2025-12-01 19:44:36.639276,67,98,0.24486266083390737,0.22120443165788847,0.0
2025-12-01 19:49:36.639276,98,98,0.7141018806353154,0.5486062385227899,0.0
2025-12-01 19:54:36.639276,80,98,0.48269742698544027,0.14561735844124987,0.0
2025-12-01 19:59:36.639276,84,97,0.37279130944237726,0.4107558370526486,0.0
2025-12-01 20:04:36.639276,81,98,0.30392338886394715,0.6977942788648137,0.0
2025-12-01 20:09:36.639276,85,99,0.6645776666096086,0.24383998672938687,0.0
2025-12-01 20:14:36.639276,65,98,0.3983318469296023,0.7181981505071603,0.0
2025-12-01 20:19:36.639276,75,97,0.4584837249592928,0.2866866412431483,0.0
2025-12-01 20:24:36.639276,81,97,1.0077269829945252,0.10967202460913608,0.0
2025-12-01 20:29:36.639276,82,96,0.49483062572808534,0.6885425747318791,0.0
2025-12-01 20:34:36.639276,87,97,0.9176766459323085,0.26097371049149515,0.0
2025-12-01 20:39:36.639276,84,96,0.3614224150119548,0.3067204452989632,0.0
2025-12-01 20:44:36.639276,80,97,0.4993969002235393,0.8719625816798153,0.0
2025-12-01 20:49:36.639276,103,98,0.4510972312197793,0.5887565959742636,0.0
2025-12-01 20:54:36.639276,69,99,0.7012344287570332,0.4846017234085462,0.0
2025-12-01 20:59:36.639276,73,97,0.7600848861373505,0.5004484240548521,0.0
2025-12-01 21:04:36.639276,66,97,0.9877670095385508,0.18875735006309505,0.0
2025-12-01 21:09:36.639276,79,97,0.3234154760511539,0.3052531889611525,0.0
2025-12-01 21:14:36.639276,72,98,0.27557804600530217,0.7115320030313573,0.0
2025-12-01 21:19:36.639276,79,98,0.5828107398689577,0.6096514046341441,0.0
2025-12-01 21:24:36.639276,64,95,0.14516401206850776,0.9721774353143635,0.0
2025-12-01 21:29:36.639276,77,97,0.19679795665138825,0.48124950790578636,0.0
2025-12-01 21:34:36.639276,70,99,0.7696382862463819,0.504783836179744,0.0
2025-12-01 21:39:36.639276,101,97,0.5579155244681322,0.39564178477876305,0.0
2025-12-01 21:44:36.639276,71,98,0.20451551229285078,0.4216593322249025,0.0
2025-12-01 21:49:36.639276,90,98,0.3402945209942602,0.28132024817409507,0.0
2025-12-01 21:54:36.639276,87,98,0.5711710845650212,0.3384676306234118,0.0
2025-12-01 21:59:36.639276,77,98,0.3466355064518628,0.4157425641822922,0.0
2025-12-01 22:04:36.639276,99,99,0.3603885063653586,0.7363179990748853,0.0
2025-12-01 22:09:36.639276,74,97,0.6295461193537347,0.6047337743719382,0.0
2025-12-01 22:14:36.639276,67,99,0.5028576187036039,0.5126293599457458,0.0
2025-12-01 22:19:36.639276,82,98,0.3832478137446717,0.20008874387569422,0.0
2025-12-01 22:24:36.639276,66,97,0.55511410295368,0.5075860604421534,0.0
2025-12-01 22:29:36.639276,89,96,0.6024343390598005,0.9009735162115247,0.0
2025-12-01 22:34:36.639276,104,98,0.6892102273599102,0.46952008661760714,0.0
2025-12-01 22:39:36.639276,75,99,0.6529348001116706,0.26202386543058637,0.0
2025-12-01 22:44:36.639276,61,97,0.36695085202792643,0.7457605575638159,0.0
2025-12-01 22:49:36.639276,96,97,0.4226247461460855,0.5291188967992764,0.0
2025-12-01 22:54:36.639276,86,97,0.7936497690649654,0.44870695018690515,0.0
2025-12-01 22:59:36.639276,100,96,0.5611306584068912,0.6340172663811384,0.0
2025-12-01 23:04:36.639276,54,95,0.0909808443704107,-0.0005021085617818227,0.9302167254534709
2025-12-01 23:09:36.639276,56,97,0.06179552890501872,0.06416539848160667,1.0
2025-12-01 23:14:36.639276,60,95,0.06871681105651965,0.05348437545141994,1.0
2025-12-01 23:19:36.639276,52,97,0.04037655684247498,0.04332458640563647,1.0
2025-12-01 23:24:36.639276,71,97,0.025252004405549495,0.049658747887229966,1.0
2025-12-01 23:29:36.639276,56,96,0.06858392991571409,0.014413096127812889,0.3524535700168798
2025-12-01 23:34:36.639276,61,97,0.08199699100810512,0.029022063629640004,1.0
2025-12-01 23:39:36.639276,54,95,0.04204169444616016,0.0240449726063516,0.8183542309225688
2025-12-01 23:44:36.639276,65,97,0.06612523593170822,0.059401670313131066,0.6342127040224866
2025-12-01 23:49:36.639276,64,97,0.044231868496118106,0.04651168162096154,0.6821190529406763
2025-12-01 23:54:36.639276,62,96,0.09715813411182346,0.05917472027001386,0.9824223004424968
2025-12-01 23:59:36.639276,78,97,0.5860140333716792,0.06393355014632274,0.1
2025-12-02 00:04:36.639276,67,95,0.07228240654116418,-0.004674871467149611,0.554361723246408
2025-12-02 00:09:36.639276,64,96,0.058859448159509525,0.04381408282050611,0.7091829358322267
2025-12-02 00:14:36.639276,58,96,0.033385226283295634,0.06394736405570192,1.0
2025-12-02 00:19:36.639276,83,96,0.5522858449799057,0.039201382358167676,0.1
2025-12-02 00:24:36.639276,62,96,0.08364880543886533,0.039904327708584354,1.0
2025-12-02 00:29:36.639276,62,96,0.06364593679145499,0.039083857955224004,0.5691173175734999
2025-12-02 00:34:36.639276,54,96,0.019964738903226805,0.04958998713718296,1.0
2025-12-02 00:39:36.639276,61,96,0.06282940866917648,0.014655115292507211,0.6716454451797992
2025-12-02 00:44:36.639276,55,97,0.010614478025206993,0.027986354421958463,1.0
2025-12-02 00:49:36.639276,51,95,0.05284807523553483,0.03891826446825734,1.0
2025-12-02 00:54:36.639276,59,96,0.04531838574017169,0.04380074653331239,0.9355744637808336
2025-12-02 00:59:36.639276,70,95,0.05830792980657769,0.058229872555640834,0.9434256599431134
2025-12-02 01:04:36.639276,58,97,0.007122526118529235,0.05903173114286844,0.533050116617862
2025-12-02 01:09:36.639276,53,96,0.03896114309894999,0.0689384396906735,0.7714008189684258
2025-12-02 01:14:36.639276,54,97,0.05237632388098498,0.04940751533328725,1.0
2025-12-02 01:19:36.639276,58,97,0.04229264577398823,0.04889182615010322,0.9070657750030867
2025-12-02 01:24:36.639276,58,98,0.07316975507063364,0.10262668740265607,0.8076441450006835
2025-12-02 01:29:36.639276,61,97,0.025950809647955587,0.0367519822657157,0.9193870664797272
2025-12-02 01:34:36.639276,53,95,0.10244656706773729,0.06228121097164409,0.7428197806726392
2025-12-02 01:39:36.639276,58,97,0.07206132612531235,0.015028900553517579,0.7984486888164146
2025-12-02 01:44:36.639276,62,97,0.038163783057997586,0.041357507952880374,0.7421529835319353
2025-12-02 01:49:36.639276,59,97,0.03343811425656347,0.07239257708355772,0.7527230339338808
2025-12-02 01:54:36.639276,58,96,0.01879638448609278,0.0660838804352707,1.0
2025-12-02 01:59:36.639276,48,98,0.06483944978407284,0.04199024692103923,0.9133304745922818
2025-12-02 02:04:36.639276,53,96,0.05679459995789494,0.05914509140649917,0.7052829049614507
2025-12-02 02:09:36.639276,82,96,0.554303887154465,0.05303656529765621,0.1
2025-12-02 02:14:36.639276,59,95,0.039463912859830315,0.05187714259801373,0.4938395601756161
2025-12-02 02:19:36.639276,63,97,0.052042330959967124,0.05785516944810225,1.0
2025-12-02 02:24:36.639276,56,95,0.05233084776761684,0.06672569366017857,0.6389059289124375
2025-12-02 02:29:36.639276,60,96,0.09071812557646691,0.06831048483596652,0.5995931092734834
2025-12-02 02:34:36.639276,64,96,0.042793486619968624,0.056551854703351646,0.8671717641113719
2025-12-02 02:39:36.639276,54,96,0.05114526095293177,0.03318868237333996,0.8712561784480989
2025-12-02 02:44:36.639276,64,94,0.02151241340564876,0.02289977104196267,0.8233170419083954
2025-12-02 02:49:36.639276,66,96,0.008432173598397263,0.027831858449679586,0.9340751555934965
2025-12-02 02:54:36.639276,60,96,0.044169714318357735,0.04577683881448573,0.5733700757721005
2025-12-02 02:59:36.639276,66,97,0.059064045014606985,0.03524699379971923,0.8246396821688882
2025-12-02 03:04:36.639276,57,96,0.07629497301366558,0.032418933026369424,1.0
2025-12-02 03:09:36.639276,60,94,0.0454669308964599,0.06016768162272495,1.0
2025-12-02 03:14:36.639276,59,96,0.06867597578373648,0.05210349309373484,0.8146381435534372
2025-12-02 03:19:36.639276,64,96,0.05608415227928446,0.04415243597791924,0.8226541178713739
2025-12-02 03:24:36.639276,51,95,0.011821174684796426,0.013439359481881616,1.0
2025-12-02 03:29:36.639276,65,97,0.04810054480090476,0.05985386347960154,1.0
2025-12-02 03:34:36.639276,65,97,0.017857281333748042,0.01918695012282044,0.9240989449362356
2025-12-02 03:39:36.639276,61,98,0.03752805545982816,0.045702250433555275,0.6582786788616651
2025-12-02 03:44:36.639276,62,95,0.04678755001132355,0.050164921683692805,0.6984086714524288
2025-12-02 03:49:36.639276,61,97,0.04095288038062247,0.0481256627756114,1.0
2025-12-02 03:54:36.639276,53,97,0.05861215074891623,0.05118675512781792,0.9803999708954835
2025-12-02 03:59:36.639276,87,97,0.5304513825356235,0.040149385283985504,0.1
2025-12-02 04:04:36.639276,58,98,0.029593903643621716,0.031158802677090026,0.9011775293660735
2025-12-02 04:09:36.639276,60,96,0.001465836183778288,0.03000192275359373,0.7272201047541075
2025-12-02 04:14:36.639276,68,97,0.033624786735556814,0.039533644559140886,0.5928028163021372
2025-12-02 04:19:36.639276,65,97,0.057630055130878884,0.06430519250683872,1.0
2025-12-02 04:24:36.639276,63,98,0.06472584885050998,0.08923450165631354,0.8073259562376747
2025-12-02 04:29:36.639276,67,97,0.07131291239620295,0.03622983206034882,0.6691094573998705
2025-12-02 04:34:36.639276,63,95,0.05823900233616633,0.06753475370359521,0.755651245394443
2025-12-02 04:39:36.639276,63,97,0.06731451300273886,0.04130237815723707,0.8928429208834822
2025-12-02 04:44:36.639276,60,97,0.08767704586105071,0.08300268084548812,0.6288511041582401
2025-12-02 04:49:36.639276,55,95,0.06724519531593304,0.06078892496547158,0.6542878369226378
2025-12-02 04:54:36.639276,62,96,0.04683545290974645,0.05845304479372742,0.7659267191744548
2025-12-02 04:59:36.639276,52,98,0.03356438588384841,0.08324775026728388,0.8360238737422107
2025-12-02 05:04:36.639276,52,96,0.04183470181178791,0.023411890014252187,0.6608445301744602
2025-12-02 05:09:36.639276,58,97,0.03264259781895676,0.04344922336747324,0.8846309273825534
2025-12-02 05:14:36.639276,60,96,0.030669718421541915,0.019340214198322162,0.45406197176771435
2025-12-02 05:19:36.639276,62,96,0.05597115383399316,0.06646715364735943,0.4892251198277713
2025-12-02 05:24:36.639276,58,96,0.04358254307974337,0.07509431369466135,0.5397650657130791
2025-12-02 05:29:36.639276,59,96,0.09802091745560262,0.0477635101918221,0.6100386815192427
2025-12-02 05:34:36.639276,68,95,0.08581398106398859,0.07899712507898335,0.9162922611098435
2025-12-02 05:39:36.639276,69,96,0.06325176583760121,0.009083311802297447,0.7739594447671485
2025-12-02 05:44:36.639276,59,94,0.052657646452460086,0.019987297933317417,1.0
2025-12-02 05:49:36.639276,59,96,0.052116827106691875,0.07514423640556489,0.9508297580157281
2025-12-02 05:54:36.639276,71,98,0.528669890466602,0.01855633516607007,0.1
2025-12-02 05:59:36.639276,64,97,0.05455407552959756,0.06701856714551449,0.9333454491781059
2025-12-02 06:04:36.639276,61,98,0.04881572644749994,0.035235221344228865,0.7909066182436939
2025-12-02 06:09:36.639276,58,97,0.05793536181819357,0.044411705857083116,0.7092626804944526
2025-12-02 06:14:36.639276,56,97,0.02239560194370924,0.046193555098650835,0.48621040868432197
2025-12-02 06:19:36.639276,75,97,0.52642274099611,0.048977329517438314,0.1
2025-12-02 06:24:36.639276,52,98,0.0801118785678673,0.04768841823630064,0.6411594069740537
2025-12-02 06:29:36.639276,49,98,0.023476094723690794,0.01517162937205337,0.5278471806056874
2025-12-02 06:34:36.639276,62,99,0.08384266058765708,0.025333133258522936,0.47928057817108355
2025-12-02 06:39:36.639276,59,95,0.016492723909491882,0.04153266977851079,0.8645904225250346
2025-12-02 06:44:36.639276,58,96,0.07502932347648937,0.05765330845507839,1.0
2025-12-02 06:49:36.639276,61,97,0.04682922152104764,0.03697725382397697,0.8763083674627602
2025-12-02 06:54:36.639276,55,96,0.06783243906424864,0.05070212789455048,0.49557908448751453
2025-12-02 06:59:36.639276,59,97,0.04585644593742887,0.06693521409886799,0.7061278139698869
2025-12-02 07:04:36.639276,97,97,0.3280508527869679,0.7097175470029156,0.0
2025-12-02 07:09:36.639276,69,98,0.6473435588872156,0.5442212105155682,0.0
2025-12-02 07:14:36.639276,84,97,0.3009340455235116,0.4352629129051509,0.0
2025-12-02 07:19:36.639276,88,97,0.4005313026711156,0.2133434202148125,0.0
2025-12-02 07:24:36.639276,85,95,0.30081295939317415,0.3305366266378733,0.0
2025-12-02 07:29:36.639276,70,97,0.5026524995875422,0.6508698388882159,0.0
2025-12-02 07:34:36.639276,85,97,0.39023837039800374,0.3889000404321266,0.0
2025-12-02 07:39:36.639276,72,99,0.5435845279520262,0.47257691362606186,0.0
2025-12-02 07:44:36.639276,84,96,0.4329456666989999,0.5596535603887356,0.0
2025-12-02 07:49:36.639276,84,98,0.7002242166903542,0.7090730653127995,0.0
2025-12-02 07:54:36.639276,58,99,0.48061710057188356,0.5520495178503398,0.0
2025-12-02 07:59:36.639276,85,97,0.4384541971451391,0.2615877106653674,0.0
2025-12-02 08:04:36.639276,86,97,0.577834352860144,0.35370878639100206,0.0
2025-12-02 08:09:36.639276,89,99,0.8279072325566043,0.7028246543140513,0.0
2025-12-02 08:14:36.639276,90,97,0.5631091036352486,0.5414717646948417,0.0
2025-12-02 08:19:36.639276,75,98,0.6492942025587505,0.5206766319869376,0.0
2025-12-02 08:24:36.639276,91,95,0.6618025737436428,0.39719675817636024,0.0
2025-12-02 08:29:36.639276,81,97,0.3702603283619974,0.39388424335334077,0.0
2025-12-02 08:34:36.639276,85,96,0.7412904653449249,0.5260303526554783,0.0
2025-12-02 08:39:36.639276,69,98,0.7290547058696487,0.6391831555003112,0.0
2025-12-02 08:44:36.639276,81,97,0.5292766034441693,0.3652565319079865,0.0
2025-12-02 08:49:36.639276,90,99,0.7246966061492903,0.8986272135379503,0.0
2025-12-02 08:54:36.639276,82,97,0.4193165174571685,0.7640066664711433,0.0
2025-12-02 08:59:36.639276,91,99,0.5214163826488758,0.33425393723269753,0.0
2025-12-02 09:04:36.639276,65,99,0.22868622492838833,0.3151912961702642,0.0
2025-12-02 09:09:36.639276,75,98,0.5031440038848706,0.5055343977088209,0.0
2025-12-02 09:14:36.639276,78,98,0.6541874721920268,0.44463683172408686,0.0
2025-12-02 09:19:36.639276,89,98,0.23659806879198964,0.2464224914008476,0.0
2025-12-02 09:24:36.639276,72,98,0.6007783885310863,0.5213711320811001,0.0
2025-12-02 09:29:36.639276,92,98,0.46891825600157444,0.27487685439752724,0.0
2025-12-02 09:34:36.639276,89,98,0.823650629398287,0.5038947126590598,0.0
2025-12-02 09:39:36.639276,109,97,0.45690526612277116,0.3814485541007108,0.0
2025-12-02 09:44:36.639276,77,97,0.5048644769369415,0.6021824001740211,0.0
2025-12-02 09:49:36.639276,82,95,0.5800652748468169,0.37106203500958845,0.0
2025-12-02 09:54:36.639276,77,97,0.2961741177856068,0.49389271879057756,0.0
2025-12-02 09:59:36.639276,69,98,0.5179041873168039,0.34619232845869957,0.0
2025-12-02 10:04:36.639276,88,98,-0.02565151791680081,0.7123237823950339,0.0
2025-12-02 10:09:36.639276,68,99,0.3558427457485697,0.480628627596808,0.0
2025-12-02 10:14:36.639276,55,99,0.5780169663654766,0.644350905045249,0.0
2025-12-02 10:19:36.639276,67,99,0.6800333141643572,0.3344284942945488,0.0
2025-12-02 10:24:36.639276,85,99,0.30651251787485456,0.30320162730914085,0.0
2025-12-02 10:29:36.639276,78,98,0.7076998228794099,0.6150585710661112,0.0
2025-12-02 10:34:36.639276,82,97,0.4806845540009847,0.7362448396262027,0.0
2025-12-02 10:39:36.639276,77,97,0.33514443930926885,0.4196247227926791,0.0
2025-12-02 10:44:36.639276,82,98,0.3564680878754535,0.7052039057327618,0.0
2025-12-02 10:49:36.639276,70,97,0.36241617655407216,0.3872106149935086,0.0
2025-12-02 10:54:36.639276,102,98,0.41971494921022345,0.680276209215608,0.0
2025-12-02 10:59:36.639276,76,98,0.15679145672465353,0.3881997115246466,0.0
2025-12-02 11:04:36.639276,86,95,0.4292295459227823,0.4840019254275556,0.0
2025-12-02 11:09:36.639276,56,98,0.47411128396564994,0.7750372952149829,0.0
2025-12-02 11:14:36.639276,62,98,0.7796927205368597,0.7099170639803284,0.0
2025-12-02 11:19:36.639276,71,97,0.5083162952875923,0.7467370534920902,0.0
2025-12-02 11:24:36.639276,84,97,0.8728721394642811,0.5063372630797125,0.0
2025-12-02 11:29:36.639276,83,98,0.14043908457426396,0.6506478347154748,0.0
2025-12-02 11:34:36.639276,68,98,0.18584639769179542,0.6605126248019147,0.0
2025-12-02 11:39:36.639276,93,98,0.9737147964118529,0.42896238454967356,0.0
2025-12-02 11:44:36.639276,63,98,0.354240653858722,0.49308322988014314,0.0
2025-12-02 11:49:36.639276,87,98,0.7099426570849099,0.535250401809445,0.0
2025-12-02 11:54:36.639276,89,98,0.6122793822474496,0.45963838142869556,0.0
2025-12-02 11:59:36.639276,83,98,0.7781528183833388,0.7131344303622508,0.0
2025-12-02 12:04:36.639276,80,97,0.9187679364970168,0.3284124383118358,0.0
2025-12-02 12:09:36.639276,58,95,0.3281612666627413,0.27041354886696733,0.0
2025-12-02 12:14:36.639276,62,99,0.32836662273965905,0.42525806866905097,0.0
2025-12-02 12:19:36.639276,93,97,0.4683049439456217,0.4481343515778127,0.0
2025-12-02 12:24:36.639276,81,98,0.6064597768396208,0.5797698423560567,0.0
2025-12-02 12:29:36.639276,75,97,0.5941917144074578,0.5025777859720618,0.0
2025-12-02 12:34:36.639276,75,98,0.4019839326424865,0.6721786986440256,0.0
2025-12-02 12:39:36.639276,84,97,0.4322480053033703,0.28110179619364106,0.0
2025-12-02 12:44:36.639276,91,97,0.6829273642415409,0.45239079307496627,0.0
2025-12-02 12:49:36.639276,87,96,0.5102398679101449,0.5037295305077615,0.0
2025-12-02 12:54:36.639276,85,97,0.4472217767738398,0.1269487569633476,0.0
2025-12-02 12:59:36.639276,71,96,0.19582049904857976,0.4633304434903842,0.0
2025-12-02 13:04:36.639276,81,97,0.8428037885255305,0.3513378074600719,0.0
2025-12-02 13:09:36.639276,72,98,0.12634823219600236,0.33415926597046636,0.0
2025-12-02 13:14:36.639276,80,97,0.481248830291033,0.6645425292297059,0.0
2025-12-02 13:19:36.639276,93,98,0.28477426985655147,0.5928282046249017,0.0
2025-12-02 13:24:36.639276,66,99,0.47707859480921694,0.27520296654835363,0.0
2025-12-02 13:29:36.639276,64,97,0.5586912526042075,0.560234394781705,0.0
2025-12-02 13:34:36.639276,73,97,0.443562537220505,0.4640744138461344,0.0
2025-12-02 13:39:36.639276,91,98,0.37660394910019507,0.5451797301744393,0.0
2025-12-02 13:44:36.639276,81,97,0.17714797517500588,0.378012379209312,0.0
2025-12-02 13:49:36.639276,91,96,0.5373355349969079,0.3325666629361746,0.0
2025-12-02 13:54:36.639276,69,98,0.0312864573093728,0.7687876407918727,0.0
2025-12-02 13:59:36.639276,66,97,0.6227215605397457,0.6810879158102775,0.0
2025-12-02 14:04:36.639276,80,98,0.5988787327540026,0.613340644804916,0.0
2025-12-02 14:09:36.639276,88,97,0.9600817240207554,0.4785179831206629,0.0
2025-12-02 14:14:36.639276,72,98,0.6096161295338505,0.2381933750713283,0.0
2025-12-02 14:19:36.639276,80,97,0.4794738532794931,0.3789607616330547,0.0
2025-12-02 14:24:36.639276,83,96,0.6298825845426548,0.2379728793588879,0.0
2025-12-02 14:29:36.639276,75,98,0.3791787220309701,0.5074182911776342,0.0
2025-12-02 14:34:36.639276,78,98,0.634316228249903,0.6458814141889774,0.0
2025-12-02 14:39:36.639276,84,98,0.6591036603084501,0.7074823471898603,0.0
2025-12-02 14:44:36.639276,79,97,0.1362719540092547,0.8173732910221648,0.0
2025-12-02 14:49:36.639276,88,98,0.4592672182547742,0.5523325051718422,0.0
2025-12-02 14:54:36.639276,93,98,0.4200371335251478,0.6232485130689607,0.0
2025-12-02 14:59:36.639276,71,96,0.5183397156843326,0.3776436945444385,0.0
2025-12-02 15:04:36.639276,73,97,0.6058899139013869,0.4381666748239395,0.0
2025-12-02 15:09:36.639276,69,97,0.15658882076823485,0.3068666771026679,0.0
2025-12-02 15:14:36.639276,80,98,0.23057794171336504,0.5821130062643484,0.0
2025-12-02 15:19:36.639276,83,98,0.151918535039868,0.6120795737879461,0.0
2025-12-02 15:24:36.639276,90,97,0.7595499397336064,0.5828509039280639,0.0
2025-12-02 15:29:36.639276,69,99,0.19877946514017014,0.38009601994721137,0.0
2025-12-02 15:34:36.639276,86,98,0.47770273652367073,-0.00752818189628493,0.0
2025-12-02 15:39:36.639276,71,97,0.5130974940401224,0.48117778531026,0.0
2025-12-02 15:44:36.639276,87,97,0.5774287470484791,0.45289835435309583,0.0
2025-12-02 15:49:36.639276,75,98,0.6195717010823355,0.7371914858556557,0.0
2025-12-02 15:54:36.639276,104,97,0.46219541689886856,0.41916188898037915,0.0
2025-12-02 15:59:36.639276,111,98,0.7723413872929082,0.7900844620626003,0.0
2025-12-02 16:04:36.639276,80,98,0.36545538379171644,0.5543599812443586,0.0
2025-12-02 16:09:36.639276,96,99,0.6344003963253317,0.4849113786151274,0.0
2025-12-02 16:14:36.639276,72,95,0.37110881056728956,0.3184583151961327,0.0
2025-12-02 16:19:36.639276,84,98,0.5737765473979873,0.3519912395468015,0.0
2025-12-02 16:24:36.639276,70,99,0.557003660696832,0.7626474253706481,0.0
2025-12-02 16:29:36.639276,66,98,0.7055463800812272,0.9305339793387551,0.0
2025-12-02 16:34:36.639276,73,96,0.8381043212961113,0.4134315462554091,0.0
2025-12-02 16:39:36.639276,74,97,0.4807885066045284,0.7359515601565791,0.0
2025-12-02 16:44:36.639276,82,96,0.5345066731045911,0.7392533176321378,0.0
2025-12-02 16:49:36.639276,89,99,0.7001064345449114,0.6014947073951867,0.0
2025-12-02 16:54:36.639276,83,96,0.6413601117991826,0.19197956601953428,0.0
2025-12-02 16:59:36.639276,81,100,0.4478601316993066,0.8352909523697118,0.0
2025-12-02 17:04:36.639276,88,99,0.44817178880348113,0.0791750595301316,0.0
2025-12-02 17:09:36.639276,78,97,0.18579975683092828,0.5537398405075736,0.0
2025-12-02 17:14:36.639276,85,97,0.4563520686189395,0.303371014399355,0.0
2025-12-02 17:19:36.639276,77,96,0.6033241141515633,0.04348232565493599,0.0
2025-12-02 17:24:36.639276,75,98,0.4310744915177932,0.6716616048945871,0.0
2025-12-02 17:29:36.639276,86,97,0.7081049592627248,0.3630422598969317,0.0
2025-12-02 17:34:36.639276,82,97,0.9708381655358331,0.44914436287877846,0.0
2025-12-02 17:39:36.639276,79,96,0.38205641643099825,0.8483473068759928,0.0
2025-12-02 17:44:36.639276,75,98,0.4826989363366663,0.6664572307361508,0.0
2025-12-02 17:49:36.639276,94,96,0.4729605981264056,0.4009815072876247,0.0
2025-12-02 17:54:36.639276,90,96,0.36979968235867827,0.4832457591124621,0.0
2025-12-02 17:59:36.639276,83,98,0.10096853805513735,0.28193049049772856,0.0
2025-12-02 18:04:36.639276,69,96,0.1551685056650605,0.7000324493655793,0.0
2025-12-02 18:09:36.639276,101,98,0.3581374528907343,0.27138673917409195,0.0
2025-12-02 18:14:36.639276,75,97,0.7711717991253013,0.04773664119212968,0.0
2025-12-02 18:19:36.639276,74,96,0.25405587751534076,0.3923811025413035,0.0
2025-12-02 18:24:36.639276,77,98,0.5631893418487124,0.7319286169037064,0.0
2025-12-02 18:29:36.639276,66,98,0.338684451160326,0.15940096509015608,0.0
2025-12-02 18:34:36.639276,66,97,0.27303375994532386,0.3748205301753545,0.0
2025-12-02 18:39:36.639276,84,97,0.6612712060070777,0.25200004058327014,0.0
2025-12-02 18:44:36.639276,79,98,0.4739238547637593,0.5883211170047733,0.0
2025-12-02 18:49:36.639276,75,98,0.4498873760729316,0.35515673414202614,0.0
2025-12-02 18:54:36.639276,79,97,0.40775746023630965,0.4271156663014024,0.0
2025-12-02 18:59:36.639276,79,95,0.5961677783652339,0.23050790700042087,0.0
2025-12-02 19:04:36.639276,81,99,0.6395449095874863,0.14643469582445795,0.0
2025-12-02 19:09:36.639276,82,98,0.37051024237254554,0.599306049710782,0.0
2025-12-02 19:14:36.639276,82,96,0.4399931059805247,0.3262746256602623,0.0
2025-12-02 19:19:36.639276,96,98,0.6524477207690133,0.4901919414958318,0.0
2025-12-02 19:24:36.639276,86,99,0.665881058549369,0.44628710863220383,0.0
2025-12-02 19:29:36.639276,73,97,0.34170218813970205,0.6022426748774836,0.0
2025-12-02 19:34:36.639276,78,98,0.6435192125125353,0.6825349765914203,0.0
2025-12-02 19:39:36.639276,73,97,0.174268036227872,0.929173460234813,0.0
2025-12-02 19:44:36.639276,93,97,0.3277742468841012,0.5841360864573737,0.0
2025-12-02 19:49:36.639276,73,97,0.4005624616903309,0.28506757964735413,0.0
2025-12-02 19:54:36.639276,85,98,0.45667751760941977,0.25350237453167823,0.0
2025-12-02 19:59:36.639276,67,97,0.48980956770290157,0.42489709883425997,0.0
2025-12-02 20:04:36.639276,84,99,0.7879418114627617,0.8120801624539479,0.0
2025-12-02 20:09:36.639276,87,99,0.4315452404145274,0.2849304359531144,0.0
2025-12-02 20:14:36.639276,89,97,0.7270201008877832,0.3816960158889074,0.0
2025-12-02 20:19:36.639276,74,97,0.7139898999089672,0.3510714943633201,0.0
2025-12-02 20:24:36.639276,93,98,0.17340832258266875,0.5602260327743736,0.0
2025-12-02 20:29:36.639276,85,98,0.6857493911351676,0.2582057744397782,0.0
2025-12-02 20:34:36.639276,78,99,0.5414953546844388,0.5344650102495417,0.0
2025-12-02 20:39:36.639276,77,97,0.427789706605913,1.097293331455056,0.0
2025-12-02 20:44:36.639276,55,98,0.4060085585030566,0.13556005129328985,0.0
2025-12-02 20:49:36.639276,70,99,0.08556794866498077,0.6066547160677004,0.0
2025-12-02 20:54:36.639276,83,98,0.45023065093332426,0.2069119237016378,0.0
2025-12-02 20:59:36.639276,94,97,0.5195058691399936,0.6317985351671859,0.0
2025-12-02 21:04:36.639276,89,98,0.48790739589486753,0.5232992987401439,0.0
2025-12-02 21:09:36.639276,76,98,0.2904441543582557,0.6908594117946218,0.0
2025-12-02 21:14:36.639276,77,97,1.0141827570506468,0.4627691234061501,0.0
2025-12-02 21:19:36.639276,95,96,0.4414465899324789,0.6913343166083179,0.0
2025-12-02 21:24:36.639276,64,96,0.5241097156823974,0.39352359881446103,0.0
2025-12-02 21:29:36.639276,76,97,0.8816813956375767,0.6977296379340229,0.0
2025-12-02 21:34:36.639276,81,98,0.3989560859044082,0.4951303576907111,0.0
2025-12-02 21:39:36.639276,83,99,0.4669217671793796,0.6122850487251621,0.0
2025-12-02 21:44:36.639276,63,97,0.6759579548254451,0.13982197600499918,0.0
2025-12-02 21:49:36.639276,63,97,0.6074048037480517,0.5673562666701164,0.0
2025-12-02 21:54:36.639276,71,96,0.5332229873280555,0.546759594063881,0.0
2025-12-02 21:59:36.639276,87,98,0.9533393074450117,0.45853516372428743,0.0
2025-12-02 22:04:36.639276,89,98,0.7001424482808345,0.6560885940757691,0.0
2025-12-02 22:09:36.639276,73,97,0.5434418415272875,0.5858233621022325,0.0
2025-12-02 22:14:36.639276,86,96,0.5854248760949212,0.7073035678847365,0.0
2025-12-02 22:19:36.639276,92,95,0.395949630190074,0.47109770990832517,0.0
2025-12-02 22:24:36.639276,69,98,0.6284102618597976,0.02009664891414455,0.0
2025-12-02 22:29:36.639276,77,99,0.4353234672084906,0.5735568374202868,0.0
2025-12-02 22:34:36.639276,76,97,0.6404699444807328,0.3453478813830269,0.0
2025-12-02 22:39:36.639276,76,99,0.5698589258719898,0.4003929658932516,0.0
2025-12-02 22:44:36.639276,88,97,0.6192156700983207,0.26142262813749195,0.0
2025-12-02 22:49:36.639276,87,98,0.255774914379819,0.321109818540039,0.0
2025-12-02 22:54:36.639276,78,99,0.17303066524963231,-0.03084252795743228,0.0
2025-12-02 22:59:36.639276,90,97,0.6383663037896348,0.4089165456026369,0.0
2025-12-02 23:04:36.639276,58,97,0.06630302798839793,0.06595561859801614,0.9018386372324647
2025-12-02 23:09:36.639276,62,97,0.07080250074497262,0.022959470109927497,0.702148928105004
2025-12-02 23:14:36.639276,67,96,0.04278973915305448,0.054374230113085384,1.0
2025-12-02 23:19:36.639276,53,98,0.056449212886984484,0.05342853431071101,0.9386221788371565
2025-12-02 23:24:36.639276,58,97,0.07365182430420283,0.06478502121441326,0.5255557833119874
2025-12-02 23:29:36.639276,49,96,0.09089130656916523,0.023387149982513056,0.6848178919629954
2025-12-02 23:34:36.639276,59,95,0.05180929005277732,0.04877112039326432,0.7568531575004813
2025-12-02 23:39:36.639276,59,97,0.04179891884962073,0.04188705841544173,0.8195260981508388
2025-12-02 23:44:36.639276,57,97,0.05555867222176663,0.04859354104149305,0.8957334956659091
2025-12-02 23:49:36.639276,82,96,0.5775153498125467,0.06682096456690248,0.1
2025-12-02 23:54:36.639276,49,96,0.04429078373670024,0.01609865293753967,0.730078205384904
2025-12-02 23:59:36.639276,57,95,0.055153816732276456,0.03724706213743907,0.7847470000269006
2025-12-03 00:04:36.639276,56,95,0.023287997254006106,0.059649239386877606,0.4997350778028959
2025-12-03 00:09:36.639276,56,96,0.05912033880142515,0.0789226252034737,0.9442778632666615
2025-12-03 00:14:36.639276,61,96,0.08071453969149686,0.06580175339741823,0.7975277685920311
2025-12-03 00:19:36.639276,59,96,0.048719016594803016,0.057523449684557186,1.0
2025-12-03 00:24:36.639276,57,97,0.06855230996427925,0.037588368032562935,1.0
2025-12-03 00:29:36.639276,64,94,0.05930583329584676,0.04234858539806635,0.19854741841810775
2025-12-03 00:34:36.639276,66,97,0.030052992011448343,0.058269909948188994,0.8704871605944444
2025-12-03 00:39:36.639276,56,97,0.023539708280343897,0.06842794952198859,0.9024762083681318
2025-12-03 00:44:36.639276,58,96,0.07885894872347132,0.043141680543285627,0.6707835108409245
2025-12-03 00:49:36.639276,69,97,0.058284872635838196,0.07152160894502102,0.8618232780355825
2025-12-03 00:54:36.639276,55,97,0.0723949857992897,0.05005241436800593,0.9243100091271831
2025-12-03 00:59:36.639276,54,99,0.05320985670236406,0.03571141348544027,0.6054784075835655
2025-12-03 01:04:36.639276,52,96,0.023551916040072195,0.04909049188285346,0.7265921236693752
2025-12-03 01:09:36.639276,62,96,0.04910508257995947,0.04682473273249677,0.8308693147476812
2025-12-03 01:14:36.639276,58,96,0.061670692437398686,0.052418557685214515,0.6898614019579205
2025-12-03 01:19:36.639276,54,96,0.032175435409512385,0.04857997463450696,0.8059144985290494
2025-12-03 01:24:36.639276,53,95,0.03748171969851588,0.015216241911617613,0.9837961787930942
2025-12-03 01:29:36.639276,67,97,0.06825691377360843,0.034856241501483975,0.9504414472232979
2025-12-03 01:34:36.639276,66,98,0.03143377498339235,0.044016563207574994,0.8287994340591033
2025-12-03 01:39:36.639276,56,97,0.053979037351194484,0.03145799307050716,0.753920964435194
2025-12-03 01:44:36.639276,61,97,0.04443047045966658,0.06409076006103355,0.6859807598357265
2025-12-03 01:49:36.639276,68,95,0.05257824085925578,0.05281051290746672,0.5917845368852181
2025-12-03 01:54:36.639276,65,98,0.04881006620266519,0.0447425031347098,0.6625002890531223
2025-12-03 01:59:36.639276,61,97,0.04597324143763672,0.06890533445641853,0.5748994620844325
2025-12-03 02:04:36.639276,65,96,0.02316149406563496,0.03667827803310603,0.70143906860048
2025-12-03 02:09:36.639276,60,96,0.04557254387339202,0.07601117477817353,0.9130018221340369
2025-12-03 02:14:36.639276,60,96,0.030161441519876663,0.035586874473257105,1.0
2025-12-03 02:19:36.639276,56,98,0.02331809190739546,0.06158159626893094,0.7306033670074557
2025-12-03 02:24:36.639276,80,97,0.5387939093555265,0.07414632270068676,0.1
2025-12-03 02:29:36.639276,55,98,0.056532316857677345,0.050787158467165826,0.8486151928415847
2025-12-03 02:34:36.639276,60,97,0.06730548135168782,0.012599360426141366,0.25168404136705114
2025-12-03 02:39:36.639276,78,98,0.5462180326530331,0.051294039510125636,0.1
2025-12-03 02:44:36.639276,57,96,0.07305801006112783,0.05374748446192347,1.0
2025-12-03 02:49:36.639276,73,96,0.5483292612229697,0.05034411553253169,0.1
2025-12-03 02:54:36.639276,79,96,0.572963125488692,0.08839096947253718,0.1
2025-12-03 02:59:36.639276,54,97,0.06693675778031745,0.07115364737533125,0.8419284366986246
2025-12-03 03:04:36.639276,57,98,0.05630391100602177,0.05052432588778985,0.9511137707723735
2025-12-03 03:09:36.639276,48,97,0.040963922838328025,0.027813713521520126,0.6839624693326843
2025-12-03 03:14:36.639276,56,96,-0.0032100344871860624,0.05853534882783807,0.95670805294047
2025-12-03 03:19:36.639276,55,97,0.0507083300408074,0.08212303559329577,0.7952443267511385
2025-12-03 03:24:36.639276,62,96,0.019815532583129618,0.051154555078430704,0.8368094869030607
2025-12-03 03:29:36.639276,62,97,0.0427601028394601,0.06167006507651516,0.4554547316013191
2025-12-03 03:34:36.639276,52,97,0.07148928050762028,0.05178921504939512,0.9666626155863111
2025-12-03 03:39:36.639276,66,97,0.05230204232423221,0.03280945339438945,0.7963679047242994
2025-12-03 03:44:36.639276,53,98,0.05220867807348518,0.05480058622453376,0.810676899548694
2025-12-03 03:49:36.639276,50,97,0.02916548360789932,0.060962476763524454,1.0
2025-12-03 03:54:36.639276,61,98,0.023735479066309975,0.059520414859497134,1.0
2025-12-03 03:59:36.639276,56,95,0.07731968332444704,0.03297641645400421,0.7553605128605848
2025-12-03 04:04:36.639276,57,96,0.05885168873081987,0.05201549955172321,0.6518279175592971
2025-12-03 04:09:36.639276,60,96,0.03275146687872716,0.04762235899449022,0.2915572835684957
2025-12-03 04:14:36.639276,69,97,0.05778163976650683,0.049712151328707994,0.5981211966250775
2025-12-03 04:19:36.639276,60,96,0.06062136468634309,0.04624598650823093,0.5657653184416055
2025-12-03 04:24:36.639276,56,95,0.05497015699371567,0.0428089686465015,0.7695238044313517
2025-12-03 04:29:36.639276,57,96,0.02647625197867481,0.06523474055317853,0.6492844400364026
2025-12-03 04:34:36.639276,66,95,0.03586637652195193,0.07603980780620045,1.0
2025-12-03 04:39:36.639276,62,96,0.04606368917439429,0.06091199989118831,1.0
2025-12-03 04:44:36.639276,55,94,0.052098471336931775,0.016362447764439587,0.7404730391934133
2025-12-03 04:49:36.639276,60,95,0.0659654657856077,0.04169131239359205,0.8396841284830641
2025-12-03 04:54:36.639276,59,95,0.06013204983325455,0.08091739824139171,0.59826904606604
2025-12-03 04:59:36.639276,62,97,0.04788697236157912,0.050877220343616865,1.0
2025-12-03 05:04:36.639276,57,97,0.043838197706567474,0.08127393755863692,0.9381906909266945
2025-12-03 05:09:36.639276,57,96,0.0539493310182345,0.02321797646122398,0.6850019587701207
2025-12-03 05:14:36.639276,89,96,0.5579046565988485,0.05214687763096798,0.1
2025-12-03 05:19:36.639276,58,99,0.022127971988424585,0.03885580379919715,0.9324637240339019
2025-12-03 05:24:36.639276,55,97,0.03858932832922438,0.03024253521771557,0.7592765556960682
2025-12-03 05:29:36.639276,50,94,0.07540216798460306,0.06904506386440437,1.0
2025-12-03 05:34:36.639276,62,98,0.0457288785926982,-0.0187438009520908,0.8944782772219593
2025-12-03 05:39:36.639276,63,96,0.07021555478568715,0.03182415216406907,0.7931185593326016
2025-12-03 05:44:36.639276,71,98,0.05892366978884879,0.04800988429337168,1.0
2025-12-03 05:49:36.639276,50,95,0.024088328532375067,0.08191791927318337,1.0
2025-12-03 05:54:36.639276,64,97,0.047238102956885644,0.04447795713591389,0.6815914476753563
2025-12-03 05:59:36.639276,63,96,0.0723107844115592,0.07435472446243173,0.9501821786508144
2025-12-03 06:04:36.639276,63,98,0.05097351085209842,0.11173757880176909,0.8454720692647477
2025-12-03 06:09:36.639276,63,97,0.027059342918059632,0.001736509079317667,0.5245020476419087
2025-12-03 06:14:36.639276,53,96,0.04435922327810724,0.04351066946612808,0.8244033915070129
2025-12-03 06:19:36.639276,62,98,0.06485308091656082,0.04631115882161777,1.0
2025-12-03 06:24:36.639276,58,97,0.05589035054769592,0.003267465003213072,0.4762649239342231
2025-12-03 06:29:36.639276,57,96,0.09639487313334467,0.05866087493600958,0.7388631485497238
2025-12-03 06:34:36.639276,84,96,0.5265263312613143,0.020759955721435665,0.1
2025-12-03 06:39:36.639276,59,98,0.07524815095337868,0.0319704351158111,0.9866301339964855
2025-12-03 06:44:36.639276,55,96,0.08672250276148803,0.06874304938384203,0.6963376532620192
2025-12-03 06:49:36.639276,59,94,0.05687119052123658,0.047299422375978006,0.858776285069634
2025-12-03 06:54:36.639276,60,96,0.10910143454303547,0.05465235562237299,0.949959613678113
2025-12-03 06:59:36.639276,65,97,0.030496295746598984,0.07142885048949248,1.0
2025-12-03 07:04:36.639276,79,96,0.6204563543403178,0.46350468439420334,0.0
2025-12-03 07:09:36.639276,82,98,0.327990413743044,0.3669794678311127,0.0
2025-12-03 07:14:36.639276,83,98,0.6731658588051085,0.8226640937106638,0.0
2025-12-03 07:19:36.639276,63,97,0.3354269018163868,0.5328121367133427,0.0
2025-12-03 07:24:36.639276,77,100,0.4410168123616347,0.44732684859024235,0.0
2025-12-03 07:29:36.639276,67,97,0.34315510987210457,0.5247480747783965,0.0
2025-12-03 07:34:36.639276,91,98,0.2530726352089852,0.5793834062197474,0.0
2025-12-03 07:39:36.639276,83,97,0.6517973446997277,0.5947684328469143,0.0
2025-12-03 07:44:36.639276,60,96,0.5246955328580593,0.41857547603144857,0.0
2025-12-03 07:49:36.639276,88,96,0.29633514173590203,0.35279164303115274,0.0
2025-12-03 07:54:36.639276,85,99,0.8394696954159042,0.7663512089817001,0.0
2025-12-03 07:59:36.639276,98,99,0.4553877466713365,0.39331350307039875,0.0
2025-12-03 08:04:36.639276,77,97,0.6609829039436517,0.4726291669962641,0.0
2025-12-03 08:09:36.639276,94,100,0.35491870248829116,0.5031308680202774,0.0
2025-12-03 08:14:36.639276,83,99,0.640148997693018,0.6276258762644739,0.0
2025-12-03 08:19:36.639276,74,97,0.2601765641989851,0.6234477526992713,0.0
2025-12-03 08:24:36.639276,96,98,0.5265865893136634,0.4922873846684621,0.0
2025-12-03 08:29:36.639276,96,100,0.5935716060971381,0.5555664638817583,0.0
2025-12-03 08:34:36.639276,80,97,0.37701233890242786,0.48697781834718856,0.0
2025-12-03 08:39:36.639276,81,97,0.47776414057171096,0.2662971102653055,0.0
2025-12-03 08:44:36.639276,95,100,0.5001402428579437,0.633327470536544,0.0
2025-12-03 08:49:36.639276,68,98,0.8050253014576721,0.7497011692152273,0.0
2025-12-03 08:54:36.639276,77,98,0.2160827875800661,0.6796019975508919,0.0
2025-12-03 08:59:36.639276,76,97,0.510419790790236,0.2544799429419399,0.0
2025-12-03 09:04:36.639276,72,95,0.23236127284720606,0.4528928276482279,0.0
2025-12-03 09:09:36.639276,70,98,0.8620858630251266,0.45246961025379046,0.0
2025-12-03 09:14:36.639276,86,97,0.47256854589975095,0.5765813022416195,0.0
2025-12-03 09:19:36.639276,92,96,0.4714639788164527,0.4701456205952991,0.0
2025-12-03 09:24:36.639276,78,98,0.3132144664162047,0.7415424270753647,0.0
2025-12-03 09:29:36.639276,88,96,0.64025939863558,0.9581971416426996,0.0
2025-12-03 09:34:36.639276,89,98,0.5132839500507617,0.6489427406662238,0.0
2025-12-03 09:39:36.639276,63,98,0.25500392281920103,0.7156777359582275,0.0
2025-12-03 09:44:36.639276,78,99,0.21192189475894796,0.5309930897743362,0.0
2025-12-03 09:49:36.639276,90,97,0.6268727820108246,0.12342336513887975,0.0
2025-12-03 09:54:36.639276,80,99,0.5289100286244479,0.877447311106233,0.0
2025-12-03 09:59:36.639276,72,99,0.5293682830845564,0.772319086119675,0.0
2025-12-03 10:04:36.639276,82,98,0.38694414788535353,0.4849803296580322,0.0
2025-12-03 10:09:36.639276,84,96,0.3851648438472142,0.1779876876654439,0.0
2025-12-03 10:14:36.639276,78,97,0.42166515735960264,-0.07503457479998235,0.0
2025-12-03 10:19:36.639276,82,98,0.4036488169150051,0.6200277930333407,0.0
2025-12-03 10:24:36.639276,87,98,0.5558365763467464,0.3277684022003061,0.0
2025-12-03 10:29:36.639276,83,97,0.6153300178284745,0.3083861344006773,0.0
2025-12-03 10:34:36.639276,70,98,0.43694096533155274,0.4561285606463653,0.0
2025-12-03 10:39:36.639276,73,97,0.535785785814499,0.28477183997385747,0.0
2025-12-03 10:44:36.639276,74,99,0.04368036480758064,0.5279285500328451,0.0
2025-12-03 10:49:36.639276,71,97,0.3826885965641318,0.5350780958969372,0.0
2025-12-03 10:54:36.639276,72,97,0.5811101024887065,0.32361877817071655,0.0
2025-12-03 10:59:36.639276,74,97,0.1494408936888534,0.6529565101800922,0.0
2025-12-03 11:04:36.639276,85,99,0.26258964554821784,0.663442350988506,0.0
2025-12-03 11:09:36.639276,74,99,0.1410913376137915,0.333122049814548,0.0
2025-12-03 11:14:36.639276,62,95,0.6868813490440364,0.1699479168566361,0.0
2025-12-03 11:19:36.639276,80,97,0.9295220553540842,0.41574116071997597,0.0
2025-12-03 11:24:36.639276,82,98,0.43199545145611107,0.7124849111521439,0.0
2025-12-03 11:29:36.639276,84,97,0.5204188712474501,0.2743642127430979,0.0
2025-12-03 11:34:36.639276,64,97,0.34627234522123984,0.7684322011163296,0.0
2025-12-03 11:39:36.639276,89,100,0.18142687473557018,0.5602326192218958,0.0
2025-12-03 11:44:36.639276,79,98,0.40093083462974516,0.638094887845422,0.0
2025-12-03 11:49:36.639276,74,97,0.5349266965985853,0.8495882090234411,0.0
2025-12-03 11:54:36.639276,83,97,0.580761700293977,0.6181025914326919,0.0
2025-12-03 11:59:36.639276,93,99,0.45177017121151464,0.7239562843726772,0.0
2025-12-03 12:04:36.639276,75,97,0.3035766332639416,0.49214760222552617,0.0
2025-12-03 12:09:36.639276,69,98,0.42565159215223486,0.4211893634251654,0.0
2025-12-03 12:14:36.639276,76,98,0.10614772424960355,0.40832896973157506,0.0
2025-12-03 12:19:36.639276,70,97,0.18821472314573992,0.7693101700567176,0.0
2025-12-03 12:24:36.639276,86,98,0.276621797261887,0.42708877129822326,0.0
2025-12-03 12:29:36.639276,76,98,0.5991810948880204,0.8062347855957386,0.0
2025-12-03 12:34:36.639276,87,96,0.6394282152128796,0.28044075596455276,0.0
2025-12-03 12:39:36.639276,101,98,0.6145419148277729,0.48852515288663484,0.0
2025-12-03 12:44:36.639276,77,99,0.37954377027761893,0.569090522418197,0.0
2025-12-03 12:49:36.639276,77,97,0.5912120233991749,0.6533545941749285,0.0
2025-12-03 12:54:36.639276,92,99,0.6115200418589947,0.33373471715512,0.0
2025-12-03 12:59:36.639276,70,97,0.5980508368412567,0.47709227461683773,0.0
2025-12-03 13:04:36.639276,59,99,0.2373567779585529,0.697534338077194,0.0
2025-12-03 13:09:36.639276,83,98,0.4998057868180889,0.666261219841746,0.0
2025-12-03 13:14:36.639276,76,98,0.15154533537655504,0.6151298179052301,0.0
2025-12-03 13:19:36.639276,71,97,0.2084867885196973,0.4976208099311396,0.0
2025-12-03 13:24:36.639276,95,98,0.6674139053124841,0.5033686958362181,0.0
2025-12-03 13:29:36.639276,82,97,0.15096946254700003,0.7545641976718609,0.0
2025-12-03 13:34:36.639276,90,95,0.47089289329599787,0.4261418600444559,0.0
2025-12-03 13:39:36.639276,80,97,0.7776812745244878,0.8462381283893063,0.0
2025-12-03 13:44:36.639276,73,98,0.6213363163438758,0.9256390337211035,0.0
2025-12-03 13:49:36.639276,62,96,0.7406550962520007,0.8745239412044337,0.0
2025-12-03 13:54:36.639276,73,95,0.47077963237691495,0.8769160881547128,0.0
2025-12-03 13:59:36.639276,82,97,0.3061099751568447,0.3801738829674996,0.0
2025-12-03 14:04:36.639276,80,98,0.5396669398153051,0.5134161234726787,0.0
2025-12-03 14:09:36.639276,73,97,0.5998222762316255,0.6055970116406103,0.0
2025-12-03 14:14:36.639276,73,97,0.5218484141420168,1.032322681465165,0.0
2025-12-03 14:19:36.639276,79,98,0.43374467225412083,0.5101027674992495,0.0
2025-12-03 14:24:36.639276,65,96,0.5676179918743304,0.6248851575002046,0.0
2025-12-03 14:29:36.639276,83,96,0.5476209290711498,0.4708982384962843,0.0
2025-12-03 14:34:36.639276,96,98,0.49888281524127975,0.5746964572873292,0.0
2025-12-03 14:39:36.639276,72,99,0.4698779552471833,0.8467918958798482,0.0
2025-12-03 14:44:36.639276,75,97,0.7293423417904905,0.6201450971403761,0.0
2025-12-03 14:49:36.639276,82,97,0.8911106758798155,0.8581104792284547,0.0
2025-12-03 14:54:36.639276,64,97,-0.09499944764776366,0.4239427971932793,0.0
2025-12-03 14:59:36.639276,76,98,0.2804659056947146,0.30379691603918396,0.0
2025-12-03 15:04:36.639276,82,98,0.8542643784107794,0.7844499321451327,0.0
2025-12-03 15:09:36.639276,98,97,0.40678554616571455,0.7804723544128007,0.0
2025-12-03 15:14:36.639276,73,100,0.5548464485101223,0.8177846478775619,0.0
2025-12-03 15:19:36.639276,75,96,0.7893759088096272,0.5297983986757668,0.0
2025-12-03 15:24:36.639276,77,96,0.39848669630931405,0.3300895644565614,0.0
2025-12-03 15:29:36.639276,76,98,0.4054144534099304,0.5349955337031758,0.0
2025-12-03 15:34:36.639276,89,98,0.4408058328359156,0.8058561051905185,0.0
2025-12-03 15:39:36.639276,90,97,0.46099718409105295,0.06311074171954868,0.0
2025-12-03 15:44:36.639276,82,99,0.5529154260881003,0.6795588680774821,0.0
2025-12-03 15:49:36.639276,75,100,0.5350063223260791,0.694214570473522,0.0
2025-12-03 15:54:36.639276,94,97,0.713228218504517,0.7194726782361609,0.0
2025-12-03 15:59:36.639276,84,95,0.2359399561022044,0.17366149686021187,0.0
2025-12-03 16:04:36.639276,80,97,0.6311588075594987,0.5903694374691456,0.0
2025-12-03 16:09:36.639276,84,98,0.3888624992218448,0.8600145653864805,0.0
2025-12-03 16:14:36.639276,86,98,0.7358857871849115,0.6499213815017518,0.0
2025-12-03 16:19:36.639276,89,97,0.7246873038781863,0.17152311173499432,0.0
2025-12-03 16:24:36.639276,69,99,0.6788118871212216,0.6252461499078842,0.0
2025-12-03 16:29:36.639276,80,98,0.7756359365848564,0.1494981544171801,0.0
2025-12-03 16:34:36.639276,89,97,0.24963259989131178,0.38842090868288975,0.0
2025-12-03 16:39:36.639276,50,97,0.23941437447206176,0.3790486057417391,0.0
2025-12-03 16:44:36.639276,84,99,0.322242188998398,0.30862980052378247,0.0
2025-12-03 16:49:36.639276,88,100,0.5530483120098265,0.24974184654044584,0.0
2025-12-03 16:54:36.639276,84,100,0.296843170655021,0.5047125165774992,0.0
2025-12-03 16:59:36.639276,75,97,0.5632448157622568,0.6789142799365488,0.0
2025-12-03 17:04:36.639276,80,98,0.26180387142739037,0.8274779823596008,0.0
2025-12-03 17:09:36.639276,82,97,0.6127739428553128,0.4147481299373831,0.0
2025-12-03 17:14:36.639276,87,97,0.41774104895751396,0.27244583474420103,0.0
2025-12-03 17:19:36.639276,65,99,0.4482686038966046,0.4668479013538451,0.0
2025-12-03 17:24:36.639276,88,97,0.7508220410667485,0.3422544965986139,0.0
2025-12-03 17:29:36.639276,67,98,0.32715562877872506,0.7433218964064326,0.0
2025-12-03 17:34:36.639276,67,98,0.45024016584142884,0.40856247300866233,0.0
2025-12-03 17:39:36.639276,77,96,1.0381060633799752,0.6843499495650883,0.0
2025-12-03 17:44:36.639276,59,97,0.5779637400007805,0.5911496439536303,0.0
2025-12-03 17:49:36.639276,84,97,0.49610675807907895,-0.008667106347077819,0.0
2025-12-03 17:54:36.639276,82,100,0.7603296352241643,0.21128080079544617,0.0
2025-12-03 17:59:36.639276,92,97,0.6741042465202232,0.23030531107273763,0.0
2025-12-03 18:04:36.639276,67,97,0.5461345885309072,0.652640106502513,0.0
2025-12-03 18:09:36.639276,79,99,0.4708432769532969,0.5193185907236842,0.0
2025-12-03 18:14:36.639276,81,99,0.6131119761379565,0.7353646850139752,0.0
2025-12-03 18:19:36.639276,84,97,0.5465095156699089,0.316072540212175,0.0
2025-12-03 18:24:36.639276,94,97,0.7669857111721899,0.39588696073721186,0.0
2025-12-03 18:29:36.639276,70,99,0.32422663874926666,0.5663054977701523,0.0
2025-12-03 18:34:36.639276,101,98,0.7206749924888953,0.6428075898400981,0.0
2025-12-03 18:39:36.639276,75,97,0.40697468365120115,0.43458488242068993,0.0
2025-12-03 18:44:36.639276,68,97,0.7147732035285245,0.44709755772589005,0.0
2025-12-03 18:49:36.639276,89,97,0.40585109961848953,0.659142371676901,0.0
2025-12-03 18:54:36.639276,106,96,0.5551505360102467,0.6792140187146862,0.0
2025-12-03 18:59:36.639276,82,97,0.19308636523278064,0.21380641295991729,0.0
2025-12-03 19:04:36.639276,74,97,0.4657772024504045,0.2944955354661934,0.0
2025-12-03 19:09:36.639276,99,99,0.48234170182620884,0.35993057815380375,0.0
2025-12-03 19:14:36.639276,74,96,0.5683056477759155,0.927674525586731,0.0
2025-12-03 19:19:36.639276,66,98,0.22937500765318172,0.4248704497193261,0.0
2025-12-03 19:24:36.639276,63,96,0.6447842827057365,0.6425330233546823,0.0
2025-12-03 19:29:36.639276,80,98,0.6355344586596207,0.5356463314973353,0.0
2025-12-03 19:34:36.639276,97,97,0.2807410013603698,0.7725056494716666,0.0
2025-12-03 19:39:36.639276,75,97,1.1076518982955328,0.794899780598152,0.0
2025-12-03 19:44:36.639276,91,99,0.5033137037266183,0.13533028944979655,0.0
2025-12-03 19:49:36.639276,59,98,0.5505083749743636,0.8059319878329282,0.0
2025-12-03 19:54:36.639276,87,98,0.45718861654553217,0.37753462867504073,0.0
2025-12-03 19:59:36.639276,76,98,0.5692023529384485,0.15533242086178792,0.0
2025-12-03 20:04:36.639276,81,98,0.7168353847247876,0.6193359999470534,0.0
2025-12-03 20:09:36.639276,79,97,0.5001893660677472,0.8502878947657931,0.0
2025-12-03 20:14:36.639276,89,98,0.38642420857635196,0.6161751519698305,0.0
2025-12-03 20:19:36.639276,82,98,0.6572778688693477,0.6456590369590282,0.0
2025-12-03 20:24:36.639276,75,98,0.7094909265287389,0.6305325637685165,0.0
2025-12-03 20:29:36.639276,77,98,0.30564283753252725,0.24428421591448396,0.0
2025-12-03 20:34:36.639276,85,96,0.640410487444173,0.5853657779755167,0.0
2025-12-03 20:39:36.639276,99,98,0.19452973690434588,0.20715387598326854,0.0
2025-12-03 20:44:36.639276,69,97,0.974602813037034,0.4284845580540981,0.0
2025-12-03 20:49:36.639276,67,97,0.3506144639584817,0.23251423608165533,0.0
2025-12-03 20:54:36.639276,60,96,0.27598951450442405,0.23058741479153264,0.0
2025-12-03 20:59:36.639276,80,98,0.4851941512614107,0.727550195571634,0.0
2025-12-03 21:04:36.639276,84,96,0.6966861050598966,0.4314138266851213,0.0
2025-12-03 21:09:36.639276,76,98,0.624207005690743,0.4226789941769515,0.0
2025-12-03 21:14:36.639276,93,99,0.4379953324441518,0.7124474262451845,0.0
2025-12-03 21:19:36.639276,75,98,0.7002459350834443,0.6056347074288702,0.0
2025-12-03 21:24:36.639276,74,97,0.43754519399052316,0.6839886567515986,0.0
2025-12-03 21:29:36.639276,84,99,0.5800994844183055,0.5885741341606154,0.0
2025-12-03 21:34:36.639276,66,99,0.1398870400037508,0.5719278202279798,0.0
2025-12-03 21:39:36.639276,69,96,0.2702463493947967,0.3536053661899852,0.0
2025-12-03 21:44:36.639276,75,98,0.05534700282565692,0.2782569401123024,0.0
2025-12-03 21:49:36.639276,88,98,0.22812573255795962,0.2734686697875559,0.0
2025-12-03 21:54:36.639276,98,98,0.427198091449408,0.5523548372439331,0.0
2025-12-03 21:59:36.639276,90,96,0.6559127022984681,0.7433877463485191,0.0
2025-12-03 22:04:36.639276,73,97,0.5742267690473547,0.5472728154073281,0.0
2025-12-03 22:09:36.639276,72,99,0.23235568302593276,0.3102102365555746,0.0
2025-12-03 22:14:36.639276,87,100,0.5258671496142341,0.40969912225893207,0.0
2025-12-03 22:19:36.639276,63,97,0.6059583319087715,0.7619898952749659,0.0
2025-12-03 22:24:36.639276,77,97,0.07400183960513515,0.4113291971807175,0.0
2025-12-03 22:29:36.639276,102,98,0.42826128143364556,0.47834004804133384,0.0
2025-12-03 22:34:36.639276,95,97,0.3703269497346879,0.40802089717302353,0.0
2025-12-03 22:39:36.639276,72,97,0.4407334252416589,0.5762078214471343,0.0
2025-12-03 22:44:36.639276,74,95,0.41162491440957,0.476192366207279,0.0
2025-12-03 22:49:36.639276,78,98,0.6802391597825503,0.2632960012939914,0.0
2025-12-03 22:54:36.639276,81,97,0.8013729156010526,0.20976082165356494,0.0
2025-12-03 22:59:36.639276,57,97,0.7264942157395812,0.5862403609362239,0.0
2025-12-03 23:04:36.639276,74,97,0.06560981756165075,0.09712676945412738,1.0
2025-12-03 23:09:36.639276,60,97,0.024931955041072297,0.046421646150278315,0.5901389976739848
2025-12-03 23:14:36.639276,59,96,0.05263150511644322,0.07255320021997912,0.7477824447713688
2025-12-03 23:19:36.639276,52,97,0.05148636094868158,0.06116703087358947,0.8298775131713729
2025-12-03 23:24:36.639276,61,97,0.08099975634487805,0.03701266767686386,0.9664212323137111
2025-12-03 23:29:36.639276,66,96,0.07398061510432313,0.04421278769026589,0.5814567993690626
2025-12-03 23:34:36.639276,59,98,0.03681507083122402,0.03824788823504911,0.8225709025734592
2025-12-03 23:39:36.639276,55,94,0.06207793048759914,0.06382850179007223,0.8952884496541101
2025-12-03 23:44:36.639276,60,97,0.03860486685015522,0.058046139673254865,0.722368355398982
2025-12-03 23:49:36.639276,55,97,0.06452213962542767,0.04122903035922325,0.6007647802788706
2025-12-03 23:54:36.639276,63,96,0.051450261103115465,0.0356210129650635,0.8101293891854465
2025-12-03 23:59:36.639276,52,96,0.0756043100041965,0.06700794022240573,0.8932824357261219
2025-12-04 00:04:36.639276,49,97,0.0484547777831298,0.036902973660069026,0.713562599184467
2025-12-04 00:09:36.639276,56,96,0.021495519578880934,0.039537393355479636,1.0
2025-12-04 00:14:36.639276,49,97,0.08092603827114889,0.018438416734320697,0.534161519778603
2025-12-04 00:19:36.639276,57,97,0.07347076583135229,0.06498321959902374,1.0
2025-12-04 00:24:36.639276,65,97,0.07971695419470451,0.05042774511197225,0.758911644717838
2025-12-04 00:29:36.639276,62,95,0.06535870493839427,0.0744156173974582,0.7309987525107257
2025-12-04 00:34:36.639276,57,98,0.005609071255422864,0.06761934673846359,0.7843182634442761
2025-12-04 00:39:36.639276,54,97,0.06303045103767409,0.021162587015468543,0.6196918453386557
2025-12-04 00:44:36.639276,56,95,0.05948732124525175,0.04076426820060424,0.6079682728910575
2025-12-04 00:49:36.639276,53,95,0.024748231398709103,0.0832023570667833,0.9915944746361351
2025-12-04 00:54:36.639276,59,96,0.04812430910788527,0.037079086913402406,0.8332776775177567
2025-12-04 00:59:36.639276,69,97,0.07034329848007256,0.06332959280186717,0.5592639710370361
2025-12-04 01:04:36.639276,54,98,0.06521588939691104,0.0693236794242927,0.5756817398059376
2025-12-04 01:09:36.639276,85,95,0.5653290645833409,0.08759042729734998,0.1
2025-12-04 01:14:36.639276,57,96,0.03713062093421524,0.04081838250264742,0.33770204323629616
2025-12-04 01:19:36.639276,62,97,0.036640068601162624,0.030120194237050365,0.713615136792672
2025-12-04 01:24:36.639276,51,97,0.06535625496359491,0.03282611398346654,0.766980547726886
2025-12-04 01:29:36.639276,52,97,0.0652579220510122,0.05267668727732499,1.0
2025-12-04 01:34:36.639276,65,95,0.05521943497123646,0.05189768458913449,0.9562564650016051
2025-12-04 01:39:36.639276,67,98,0.04361369184500549,0.05054155195942384,0.7899861131728848
2025-12-04 01:44:36.639276,57,97,0.059336536567559675,0.06414256106372504,0.8333805912598614
2025-12-04 01:49:36.639276,57,95,0.08241363499790696,0.09329542585923661,0.8852916997298333
2025-12-04 01:54:36.639276,58,97,0.04730517840223044,0.039694027836351044,0.657818807661717
2025-12-04 01:59:36.639276,50,97,0.06176237212618093,0.062029441809529164,0.8567116311699153
2025-12-04 02:04:36.639276,62,99,0.05608289660566908,0.07161733540251873,0.4949054144951835
2025-12-04 02:09:36.639276,78,99,0.5469383931872503,0.04181871165455866,0.1
2025-12-04 02:14:36.639276,55,98,0.04607065343817898,0.05060967710533042,0.6810193394628784
2025-12-04 02:19:36.639276,61,97,0.05139787916288392,0.06580599363217945,1.0
2025-12-04 02:24:36.639276,58,98,0.07206425531827623,0.05213151990663013,0.6800328742333848
2025-12-04 02:29:36.639276,51,97,0.05434134615563432,0.08284457555022579,0.5739166542994528
2025-12-04 02:34:36.639276,58,98,0.06316250367510227,0.060295730167571615,1.0
2025-12-04 02:39:36.639276,68,97,0.0609500622839072,0.04768507445671216,1.0
2025-12-04 02:44:36.639276,61,96,0.060521296815133505,0.05282745240671258,0.756753798323963
2025-12-04 02:49:36.639276,65,96,0.0433345120357179,0.04412566271306698,0.4452654808202061
